[{"model": "admin.logentry", "pk": 1, "fields": {"action_time": "2022-11-22T13:15:56.911", "user": 1, "content_type": 8, "object_id": "1", "object_repr": "Frontend", "action_flag": 1, "change_message": "[{\"added\": {}}]"}}, {"model": "admin.logentry", "pk": 2, "fields": {"action_time": "2022-11-22T13:16:20.274", "user": 1, "content_type": 8, "object_id": "2", "object_repr": "Backend", "action_flag": 1, "change_message": "[{\"added\": {}}]"}}, {"model": "admin.logentry", "pk": 3, "fields": {"action_time": "2022-11-22T14:02:32.623", "user": 1, "content_type": 7, "object_id": "2", "object_repr": "SMUN I Mataram", "action_flag": 1, "change_message": "[{\"added\": {}}]"}}, {"model": "admin.logentry", "pk": 4, "fields": {"action_time": "2022-11-22T14:03:15.135", "user": 1, "content_type": 9, "object_id": "1", "object_repr": "EDUCATION", "action_flag": 1, "change_message": "[{\"added\": {}}]"}}, {"model": "admin.logentry", "pk": 5, "fields": {"action_time": "2022-11-22T14:06:19.654", "user": 1, "content_type": 7, "object_id": "2", "object_repr": "SMUN I Mataram", "action_flag": 2, "change_message": "[{\"changed\": {\"fields\": [\"Address\"]}}]"}}, {"model": "admin.logentry", "pk": 6, "fields": {"action_time": "2022-11-22T14:06:36.140", "user": 1, "content_type": 7, "object_id": "2", "object_repr": "SMUN I Mataram", "action_flag": 2, "change_message": "[{\"changed\": {\"fields\": [\"Address\"]}}]"}}, {"model": "admin.logentry", "pk": 7, "fields": {"action_time": "2022-11-22T14:11:08.495", "user": 1, "content_type": 51, "object_id": "1", "object_repr": "MenuGroup object (1)", "action_flag": 1, "change_message": "[{\"added\": {}}]"}}, {"model": "admin.logentry", "pk": 8, "fields": {"action_time": "2022-11-22T14:11:16.743", "user": 1, "content_type": 51, "object_id": "1", "object_repr": "MenuGroup object (1)", "action_flag": 2, "change_message": "[{\"changed\": {\"fields\": [\"Name\"]}}]"}}, {"model": "admin.logentry", "pk": 9, "fields": {"action_time": "2022-11-22T14:11:30.377", "user": 1, "content_type": 51, "object_id": "2", "object_repr": "MenuGroup object (2)", "action_flag": 1, "change_message": "[{\"added\": {}}]"}}, {"model": "admin.logentry", "pk": 10, "fields": {"action_time": "2022-11-22T14:11:36.711", "user": 1, "content_type": 51, "object_id": "2", "object_repr": "MenuGroup object (2)", "action_flag": 3, "change_message": ""}}, {"model": "admin.logentry", "pk": 11, "fields": {"action_time": "2022-11-22T14:12:12.728", "user": 1, "content_type": 50, "object_id": "1", "object_repr": "Menu object (1)", "action_flag": 1, "change_message": "[{\"added\": {}}]"}}, {"model": "admin.logentry", "pk": 12, "fields": {"action_time": "2022-11-22T14:12:20.292", "user": 1, "content_type": 50, "object_id": "1", "object_repr": "Menu object (1)", "action_flag": 2, "change_message": "[{\"changed\": {\"fields\": [\"Name\"]}}]"}}, {"model": "admin.logentry", "pk": 13, "fields": {"action_time": "2022-11-22T14:14:33.190", "user": 1, "content_type": 51, "object_id": "3", "object_repr": "MenuGroup object (3)", "action_flag": 1, "change_message": "[{\"added\": {}}]"}}, {"model": "admin.logentry", "pk": 14, "fields": {"action_time": "2022-11-22T14:14:44.668", "user": 1, "content_type": 51, "object_id": "3", "object_repr": "MenuGroup object (3)", "action_flag": 2, "change_message": "[{\"changed\": {\"fields\": [\"Name\"]}}]"}}, {"model": "admin.logentry", "pk": 15, "fields": {"action_time": "2022-11-22T14:15:38.763", "user": 1, "content_type": 51, "object_id": "3", "object_repr": "MenuGroup object (3)", "action_flag": 2, "change_message": "[]"}}, {"model": "admin.logentry", "pk": 16, "fields": {"action_time": "2022-11-22T14:16:38.091", "user": 1, "content_type": 50, "object_id": "2", "object_repr": "Menu object (2)", "action_flag": 1, "change_message": "[{\"added\": {}}]"}}, {"model": "admin.logentry", "pk": 17, "fields": {"action_time": "2022-11-22T14:19:24.262", "user": 1, "content_type": 50, "object_id": "3", "object_repr": "Menu object (3)", "action_flag": 1, "change_message": "[{\"added\": {}}]"}}, {"model": "admin.logentry", "pk": 18, "fields": {"action_time": "2022-11-22T14:19:48.441", "user": 1, "content_type": 50, "object_id": "3", "object_repr": "Menu object (3)", "action_flag": 2, "change_message": "[{\"changed\": {\"fields\": [\"Name\"]}}]"}}, {"model": "admin.logentry", "pk": 19, "fields": {"action_time": "2022-11-22T14:20:02.309", "user": 1, "content_type": 50, "object_id": "3", "object_repr": "Menu object (3)", "action_flag": 2, "change_message": "[{\"changed\": {\"fields\": [\"Link\"]}}]"}}, {"model": "admin.logentry", "pk": 20, "fields": {"action_time": "2022-11-22T14:24:33.057", "user": 1, "content_type": 50, "object_id": "4", "object_repr": "Menu object (4)", "action_flag": 1, "change_message": "[{\"added\": {}}]"}}, {"model": "admin.logentry", "pk": 21, "fields": {"action_time": "2022-11-22T14:25:06.537", "user": 1, "content_type": 50, "object_id": "4", "object_repr": "Menu object (4)", "action_flag": 2, "change_message": "[{\"changed\": {\"fields\": [\"Name\"]}}]"}}, {"model": "admin.logentry", "pk": 22, "fields": {"action_time": "2022-11-22T14:25:14.541", "user": 1, "content_type": 50, "object_id": "4", "object_repr": "Menu object (4)", "action_flag": 2, "change_message": "[{\"changed\": {\"fields\": [\"Name\"]}}]"}}, {"model": "admin.logentry", "pk": 23, "fields": {"action_time": "2022-11-22T14:29:54.650", "user": 1, "content_type": 50, "object_id": "5", "object_repr": "Menu object (5)", "action_flag": 1, "change_message": "[{\"added\": {}}]"}}, {"model": "admin.logentry", "pk": 24, "fields": {"action_time": "2022-11-22T14:30:12.660", "user": 1, "content_type": 50, "object_id": "5", "object_repr": "Menu object (5)", "action_flag": 2, "change_message": "[{\"changed\": {\"fields\": [\"Name\"]}}]"}}, {"model": "admin.logentry", "pk": 25, "fields": {"action_time": "2022-11-22T14:30:19.374", "user": 1, "content_type": 50, "object_id": "5", "object_repr": "Menu object (5)", "action_flag": 2, "change_message": "[{\"changed\": {\"fields\": [\"Name\"]}}]"}}, {"model": "admin.logentry", "pk": 26, "fields": {"action_time": "2022-11-22T14:33:17.052", "user": 1, "content_type": 50, "object_id": "6", "object_repr": "Menu object (6)", "action_flag": 1, "change_message": "[{\"added\": {}}]"}}, {"model": "admin.logentry", "pk": 27, "fields": {"action_time": "2022-11-22T14:33:24.772", "user": 1, "content_type": 50, "object_id": "6", "object_repr": "Menu object (6)", "action_flag": 2, "change_message": "[{\"changed\": {\"fields\": [\"Name\"]}}]"}}, {"model": "admin.logentry", "pk": 28, "fields": {"action_time": "2022-11-22T14:36:06.506", "user": 1, "content_type": 50, "object_id": "7", "object_repr": "Menu object (7)", "action_flag": 1, "change_message": "[{\"added\": {}}]"}}, {"model": "admin.logentry", "pk": 29, "fields": {"action_time": "2022-11-22T14:37:05.351", "user": 1, "content_type": 50, "object_id": "7", "object_repr": "Menu object (7)", "action_flag": 2, "change_message": "[{\"changed\": {\"fields\": [\"Name\"]}}]"}}, {"model": "admin.logentry", "pk": 30, "fields": {"action_time": "2022-11-22T14:40:05.036", "user": 1, "content_type": 50, "object_id": "8", "object_repr": "Menu object (8)", "action_flag": 1, "change_message": "[{\"added\": {}}]"}}, {"model": "admin.logentry", "pk": 31, "fields": {"action_time": "2022-11-22T14:40:12.981", "user": 1, "content_type": 50, "object_id": "8", "object_repr": "Menu object (8)", "action_flag": 2, "change_message": "[{\"changed\": {\"fields\": [\"Name\"]}}]"}}, {"model": "admin.logentry", "pk": 32, "fields": {"action_time": "2022-11-22T14:40:28.720", "user": 1, "content_type": 50, "object_id": "8", "object_repr": "Menu object (8)", "action_flag": 2, "change_message": "[{\"changed\": {\"fields\": [\"Kind\"]}}]"}}, {"model": "admin.logentry", "pk": 33, "fields": {"action_time": "2022-11-22T14:42:41.980", "user": 1, "content_type": 50, "object_id": "9", "object_repr": "Menu object (9)", "action_flag": 1, "change_message": "[{\"added\": {}}]"}}, {"model": "admin.logentry", "pk": 34, "fields": {"action_time": "2022-11-22T14:43:11.198", "user": 1, "content_type": 50, "object_id": "9", "object_repr": "Menu object (9)", "action_flag": 2, "change_message": "[{\"changed\": {\"fields\": [\"Name\"]}}]"}}, {"model": "admin.logentry", "pk": 35, "fields": {"action_time": "2022-11-22T14:43:19.270", "user": 1, "content_type": 50, "object_id": "9", "object_repr": "Menu object (9)", "action_flag": 2, "change_message": "[{\"changed\": {\"fields\": [\"Name\"]}}]"}}, {"model": "admin.logentry", "pk": 36, "fields": {"action_time": "2022-11-22T14:44:31.876", "user": 1, "content_type": 50, "object_id": "10", "object_repr": "Menu object (10)", "action_flag": 1, "change_message": "[{\"added\": {}}]"}}, {"model": "admin.logentry", "pk": 37, "fields": {"action_time": "2022-11-22T14:45:00.877", "user": 1, "content_type": 50, "object_id": "10", "object_repr": "Menu object (10)", "action_flag": 2, "change_message": "[{\"changed\": {\"fields\": [\"Icon\", \"Name\"]}}]"}}, {"model": "admin.logentry", "pk": 38, "fields": {"action_time": "2022-11-22T15:00:25.361", "user": 1, "content_type": 50, "object_id": "11", "object_repr": "Menu object (11)", "action_flag": 1, "change_message": "[{\"added\": {}}]"}}, {"model": "admin.logentry", "pk": 39, "fields": {"action_time": "2022-11-22T15:00:34.104", "user": 1, "content_type": 50, "object_id": "11", "object_repr": "Menu object (11)", "action_flag": 2, "change_message": "[{\"changed\": {\"fields\": [\"Name\"]}}]"}}, {"model": "admin.logentry", "pk": 40, "fields": {"action_time": "2022-11-22T15:01:06.495", "user": 1, "content_type": 50, "object_id": "11", "object_repr": "Menu object (11)", "action_flag": 2, "change_message": "[{\"changed\": {\"fields\": [\"Parent\"]}}]"}}, {"model": "admin.logentry", "pk": 41, "fields": {"action_time": "2022-11-22T15:14:25.726", "user": 1, "content_type": 50, "object_id": "12", "object_repr": "Menu object (12)", "action_flag": 1, "change_message": "[{\"added\": {}}]"}}, {"model": "admin.logentry", "pk": 42, "fields": {"action_time": "2022-11-22T15:14:51.707", "user": 1, "content_type": 50, "object_id": "12", "object_repr": "Menu object (12)", "action_flag": 2, "change_message": "[{\"changed\": {\"fields\": [\"Parent\", \"Name\"]}}]"}}, {"model": "admin.logentry", "pk": 43, "fields": {"action_time": "2022-11-22T15:16:26.788", "user": 1, "content_type": 50, "object_id": "13", "object_repr": "Menu object (13)", "action_flag": 1, "change_message": "[{\"added\": {}}]"}}, {"model": "admin.logentry", "pk": 44, "fields": {"action_time": "2022-11-22T15:16:37.010", "user": 1, "content_type": 50, "object_id": "13", "object_repr": "Menu object (13)", "action_flag": 2, "change_message": "[{\"changed\": {\"fields\": [\"Parent\", \"Name\"]}}]"}}, {"model": "admin.logentry", "pk": 45, "fields": {"action_time": "2022-11-22T15:20:05.254", "user": 1, "content_type": 50, "object_id": "14", "object_repr": "Menu object (14)", "action_flag": 1, "change_message": "[{\"added\": {}}]"}}, {"model": "admin.logentry", "pk": 46, "fields": {"action_time": "2022-11-22T15:20:15.964", "user": 1, "content_type": 50, "object_id": "14", "object_repr": "Menu object (14)", "action_flag": 2, "change_message": "[{\"changed\": {\"fields\": [\"Parent\", \"Name\"]}}]"}}, {"model": "admin.logentry", "pk": 47, "fields": {"action_time": "2022-11-22T15:23:43.184", "user": 1, "content_type": 50, "object_id": "15", "object_repr": "Menu object (15)", "action_flag": 1, "change_message": "[{\"added\": {}}]"}}, {"model": "admin.logentry", "pk": 48, "fields": {"action_time": "2022-11-22T15:24:32.326", "user": 1, "content_type": 50, "object_id": "15", "object_repr": "Menu object (15)", "action_flag": 2, "change_message": "[{\"changed\": {\"fields\": [\"Name\"]}}]"}}, {"model": "admin.logentry", "pk": 49, "fields": {"action_time": "2022-11-22T15:27:12.738", "user": 1, "content_type": 50, "object_id": "16", "object_repr": "Menu object (16)", "action_flag": 1, "change_message": "[{\"added\": {}}]"}}, {"model": "admin.logentry", "pk": 50, "fields": {"action_time": "2022-11-22T15:27:22.861", "user": 1, "content_type": 50, "object_id": "16", "object_repr": "Menu object (16)", "action_flag": 2, "change_message": "[{\"changed\": {\"fields\": [\"Name\"]}}]"}}, {"model": "admin.logentry", "pk": 51, "fields": {"action_time": "2022-11-22T15:29:51.858", "user": 1, "content_type": 50, "object_id": "17", "object_repr": "Menu object (17)", "action_flag": 1, "change_message": "[{\"added\": {}}]"}}, {"model": "admin.logentry", "pk": 52, "fields": {"action_time": "2022-11-22T15:30:03.586", "user": 1, "content_type": 50, "object_id": "17", "object_repr": "Menu object (17)", "action_flag": 2, "change_message": "[{\"changed\": {\"fields\": [\"Name\"]}}]"}}, {"model": "admin.logentry", "pk": 53, "fields": {"action_time": "2022-11-22T15:31:05.571", "user": 1, "content_type": 50, "object_id": "18", "object_repr": "Menu object (18)", "action_flag": 1, "change_message": "[{\"added\": {}}]"}}, {"model": "admin.logentry", "pk": 54, "fields": {"action_time": "2022-11-22T15:31:18.619", "user": 1, "content_type": 50, "object_id": "18", "object_repr": "Menu object (18)", "action_flag": 2, "change_message": "[{\"changed\": {\"fields\": [\"Name\"]}}]"}}, {"model": "admin.logentry", "pk": 55, "fields": {"action_time": "2022-11-22T15:33:23.445", "user": 1, "content_type": 50, "object_id": "19", "object_repr": "Menu object (19)", "action_flag": 1, "change_message": "[{\"added\": {}}]"}}, {"model": "admin.logentry", "pk": 56, "fields": {"action_time": "2022-11-22T15:33:33.070", "user": 1, "content_type": 50, "object_id": "19", "object_repr": "Menu object (19)", "action_flag": 2, "change_message": "[{\"changed\": {\"fields\": [\"Name\"]}}]"}}, {"model": "admin.logentry", "pk": 57, "fields": {"action_time": "2022-11-22T15:35:03.863", "user": 1, "content_type": 50, "object_id": "20", "object_repr": "Menu object (20)", "action_flag": 1, "change_message": "[{\"added\": {}}]"}}, {"model": "admin.logentry", "pk": 58, "fields": {"action_time": "2022-11-22T15:35:12.781", "user": 1, "content_type": 50, "object_id": "20", "object_repr": "Menu object (20)", "action_flag": 2, "change_message": "[{\"changed\": {\"fields\": [\"Name\"]}}]"}}, {"model": "admin.logentry", "pk": 59, "fields": {"action_time": "2022-11-22T15:35:58.508", "user": 1, "content_type": 50, "object_id": "21", "object_repr": "Menu object (21)", "action_flag": 1, "change_message": "[{\"added\": {}}]"}}, {"model": "admin.logentry", "pk": 60, "fields": {"action_time": "2022-11-22T15:36:10.590", "user": 1, "content_type": 50, "object_id": "21", "object_repr": "Menu object (21)", "action_flag": 2, "change_message": "[{\"changed\": {\"fields\": [\"Name\"]}}]"}}, {"model": "admin.logentry", "pk": 61, "fields": {"action_time": "2022-11-23T17:43:14.941", "user": 1, "content_type": 50, "object_id": "22", "object_repr": "Menu object (22)", "action_flag": 1, "change_message": "[{\"added\": {}}]"}}, {"model": "admin.logentry", "pk": 62, "fields": {"action_time": "2022-11-23T17:43:25.837", "user": 1, "content_type": 50, "object_id": "22", "object_repr": "Menu object (22)", "action_flag": 2, "change_message": "[{\"changed\": {\"fields\": [\"Name\"]}}]"}}, {"model": "admin.logentry", "pk": 63, "fields": {"action_time": "2022-11-23T21:53:04.277", "user": 1, "content_type": 6, "object_id": "2", "object_repr": "localhost:8000", "action_flag": 1, "change_message": "[{\"added\": {}}]"}}, {"model": "admin.logentry", "pk": 64, "fields": {"action_time": "2022-11-23T21:54:08.743", "user": 1, "content_type": 7, "object_id": "3", "object_repr": "SMUN I Sumbawa", "action_flag": 1, "change_message": "[{\"added\": {}}]"}}, {"model": "admin.logentry", "pk": 65, "fields": {"action_time": "2022-11-23T21:54:23.623", "user": 1, "content_type": 9, "object_id": "2", "object_repr": "EDUCATION", "action_flag": 1, "change_message": "[{\"added\": {}}]"}}, {"model": "admin.logentry", "pk": 66, "fields": {"action_time": "2022-11-23T21:54:34.323", "user": 1, "content_type": 8, "object_id": "2", "object_repr": "Backend", "action_flag": 2, "change_message": "[{\"changed\": {\"fields\": [\"Site\"]}}]"}}, {"model": "admin.logentry", "pk": 67, "fields": {"action_time": "2022-11-23T21:54:38.188", "user": 1, "content_type": 8, "object_id": "1", "object_repr": "Frontend", "action_flag": 2, "change_message": "[{\"changed\": {\"fields\": [\"Site\"]}}]"}}, {"model": "admin.logentry", "pk": 68, "fields": {"action_time": "2022-11-23T22:10:49.999", "user": 1, "content_type": 11, "object_id": "1", "object_repr": "admin@gmail.com", "action_flag": 2, "change_message": "[{\"changed\": {\"fields\": [\"Name\"]}}]"}}, {"model": "admin.logentry", "pk": 69, "fields": {"action_time": "2022-11-25T08:58:17.013", "user": 1, "content_type": 51, "object_id": "1", "object_repr": "Frontend Site 127.0.0.1:8000", "action_flag": 2, "change_message": "[{\"changed\": {\"fields\": [\"Name\"]}}]"}}, {"model": "admin.logentry", "pk": 70, "fields": {"action_time": "2022-11-25T08:58:35.352", "user": 1, "content_type": 51, "object_id": "1", "object_repr": "FrontendFrontend Site 127.0.0.1:8000", "action_flag": 2, "change_message": "[{\"changed\": {\"fields\": [\"Name\"]}}]"}}, {"model": "admin.logentry", "pk": 71, "fields": {"action_time": "2022-11-25T08:58:57.963", "user": 1, "content_type": 51, "object_id": "4", "object_repr": "Frontend Site localhost:8000", "action_flag": 2, "change_message": "[{\"changed\": {\"fields\": [\"Name\"]}}]"}}, {"model": "admin.logentry", "pk": 72, "fields": {"action_time": "2022-11-25T08:59:03.302", "user": 1, "content_type": 51, "object_id": "4", "object_repr": "FrontendFrontend Site localhost:8000", "action_flag": 2, "change_message": "[{\"changed\": {\"fields\": [\"Name\"]}}]"}}, {"model": "admin.logentry", "pk": 73, "fields": {"action_time": "2022-11-25T09:03:52.808", "user": 1, "content_type": 51, "object_id": "3", "object_repr": "Owner Site 127.0.0.1:8000", "action_flag": 2, "change_message": "[{\"changed\": {\"fields\": [\"Name\"]}}]"}}, {"model": "admin.logentry", "pk": 74, "fields": {"action_time": "2022-11-25T09:04:12.702", "user": 1, "content_type": 51, "object_id": "3", "object_repr": "Owner Site 127.0.0.1:8000", "action_flag": 2, "change_message": "[{\"changed\": {\"fields\": [\"Name\"]}}]"}}, {"model": "admin.logentry", "pk": 75, "fields": {"action_time": "2022-11-25T09:04:39.717", "user": 1, "content_type": 51, "object_id": "1", "object_repr": "Frontend Site 127.0.0.1:8000", "action_flag": 2, "change_message": "[{\"changed\": {\"fields\": [\"Name\"]}}]"}}, {"model": "admin.logentry", "pk": 76, "fields": {"action_time": "2022-11-25T09:04:50.230", "user": 1, "content_type": 51, "object_id": "4", "object_repr": "Frontend Site localhost:8000", "action_flag": 2, "change_message": "[{\"changed\": {\"fields\": [\"Name\"]}}]"}}, {"model": "admin.logentry", "pk": 77, "fields": {"action_time": "2022-11-25T13:12:48.115", "user": 1, "content_type": 51, "object_id": "5", "object_repr": "Frontend", "action_flag": 3, "change_message": ""}}, {"model": "admin.logentry", "pk": 78, "fields": {"action_time": "2022-11-25T14:11:43.035", "user": 1, "content_type": 50, "object_id": "29", "object_repr": "[ Front-End ] Photo Gallery > Iwan Setiawan", "action_flag": 3, "change_message": ""}}, {"model": "admin.logentry", "pk": 79, "fields": {"action_time": "2022-11-29T13:48:40.921", "user": 1, "content_type": 50, "object_id": "22", "object_repr": "[ Back-End ] ROOT > Menu", "action_flag": 2, "change_message": "[{\"changed\": {\"fields\": [\"Order menu\"]}}]"}}, {"model": "admin.logentry", "pk": 80, "fields": {"action_time": "2022-11-29T13:49:04.622", "user": 1, "content_type": 50, "object_id": "30", "object_repr": "[ Back-End ] ROOT > Banner", "action_flag": 1, "change_message": "[{\"added\": {}}]"}}, {"model": "admin.logentry", "pk": 81, "fields": {"action_time": "2022-11-29T13:53:35.747", "user": 1, "content_type": 50, "object_id": "30", "object_repr": "[ Back-End ] ROOT > Banner", "action_flag": 2, "change_message": "[{\"changed\": {\"fields\": [\"Name\"]}}]"}}, {"model": "auth.permission", "pk": 1, "fields": {"name": "Can add log entry", "content_type": 1, "codename": "add_logentry"}}, {"model": "auth.permission", "pk": 2, "fields": {"name": "Can change log entry", "content_type": 1, "codename": "change_logentry"}}, {"model": "auth.permission", "pk": 3, "fields": {"name": "Can delete log entry", "content_type": 1, "codename": "delete_logentry"}}, {"model": "auth.permission", "pk": 4, "fields": {"name": "Can view log entry", "content_type": 1, "codename": "view_logentry"}}, {"model": "auth.permission", "pk": 5, "fields": {"name": "Can add permission", "content_type": 2, "codename": "add_permission"}}, {"model": "auth.permission", "pk": 6, "fields": {"name": "Can change permission", "content_type": 2, "codename": "change_permission"}}, {"model": "auth.permission", "pk": 7, "fields": {"name": "Can delete permission", "content_type": 2, "codename": "delete_permission"}}, {"model": "auth.permission", "pk": 8, "fields": {"name": "Can view permission", "content_type": 2, "codename": "view_permission"}}, {"model": "auth.permission", "pk": 9, "fields": {"name": "Can add group", "content_type": 3, "codename": "add_group"}}, {"model": "auth.permission", "pk": 10, "fields": {"name": "Can change group", "content_type": 3, "codename": "change_group"}}, {"model": "auth.permission", "pk": 11, "fields": {"name": "Can delete group", "content_type": 3, "codename": "delete_group"}}, {"model": "auth.permission", "pk": 12, "fields": {"name": "Can view group", "content_type": 3, "codename": "view_group"}}, {"model": "auth.permission", "pk": 13, "fields": {"name": "Can add content type", "content_type": 4, "codename": "add_contenttype"}}, {"model": "auth.permission", "pk": 14, "fields": {"name": "Can change content type", "content_type": 4, "codename": "change_contenttype"}}, {"model": "auth.permission", "pk": 15, "fields": {"name": "Can delete content type", "content_type": 4, "codename": "delete_contenttype"}}, {"model": "auth.permission", "pk": 16, "fields": {"name": "Can view content type", "content_type": 4, "codename": "view_contenttype"}}, {"model": "auth.permission", "pk": 17, "fields": {"name": "Can add session", "content_type": 5, "codename": "add_session"}}, {"model": "auth.permission", "pk": 18, "fields": {"name": "Can change session", "content_type": 5, "codename": "change_session"}}, {"model": "auth.permission", "pk": 19, "fields": {"name": "Can delete session", "content_type": 5, "codename": "delete_session"}}, {"model": "auth.permission", "pk": 20, "fields": {"name": "Can view session", "content_type": 5, "codename": "view_session"}}, {"model": "auth.permission", "pk": 21, "fields": {"name": "Can add site", "content_type": 6, "codename": "add_site"}}, {"model": "auth.permission", "pk": 22, "fields": {"name": "Can change site", "content_type": 6, "codename": "change_site"}}, {"model": "auth.permission", "pk": 23, "fields": {"name": "Can delete site", "content_type": 6, "codename": "delete_site"}}, {"model": "auth.permission", "pk": 24, "fields": {"name": "Can view site", "content_type": 6, "codename": "view_site"}}, {"model": "auth.permission", "pk": 25, "fields": {"name": "Can add agency", "content_type": 7, "codename": "add_agency"}}, {"model": "auth.permission", "pk": 26, "fields": {"name": "Can change agency", "content_type": 7, "codename": "change_agency"}}, {"model": "auth.permission", "pk": 27, "fields": {"name": "Can delete agency", "content_type": 7, "codename": "delete_agency"}}, {"model": "auth.permission", "pk": 28, "fields": {"name": "Can view agency", "content_type": 7, "codename": "view_agency"}}, {"model": "auth.permission", "pk": 29, "fields": {"name": "Can add template", "content_type": 8, "codename": "add_template"}}, {"model": "auth.permission", "pk": 30, "fields": {"name": "Can change template", "content_type": 8, "codename": "change_template"}}, {"model": "auth.permission", "pk": 31, "fields": {"name": "Can delete template", "content_type": 8, "codename": "delete_template"}}, {"model": "auth.permission", "pk": 32, "fields": {"name": "Can view template", "content_type": 8, "codename": "view_template"}}, {"model": "auth.permission", "pk": 33, "fields": {"name": "Can add service", "content_type": 9, "codename": "add_service"}}, {"model": "auth.permission", "pk": 34, "fields": {"name": "Can change service", "content_type": 9, "codename": "change_service"}}, {"model": "auth.permission", "pk": 35, "fields": {"name": "Can delete service", "content_type": 9, "codename": "delete_service"}}, {"model": "auth.permission", "pk": 36, "fields": {"name": "Can view service", "content_type": 9, "codename": "view_service"}}, {"model": "auth.permission", "pk": 37, "fields": {"name": "Can add photo", "content_type": 10, "codename": "add_photo"}}, {"model": "auth.permission", "pk": 38, "fields": {"name": "Can change photo", "content_type": 10, "codename": "change_photo"}}, {"model": "auth.permission", "pk": 39, "fields": {"name": "Can delete photo", "content_type": 10, "codename": "delete_photo"}}, {"model": "auth.permission", "pk": 40, "fields": {"name": "Can view photo", "content_type": 10, "codename": "view_photo"}}, {"model": "auth.permission", "pk": 41, "fields": {"name": "Can add user", "content_type": 11, "codename": "add_user"}}, {"model": "auth.permission", "pk": 42, "fields": {"name": "Can change user", "content_type": 11, "codename": "change_user"}}, {"model": "auth.permission", "pk": 43, "fields": {"name": "Can delete user", "content_type": 11, "codename": "delete_user"}}, {"model": "auth.permission", "pk": 44, "fields": {"name": "Can view user", "content_type": 11, "codename": "view_user"}}, {"model": "auth.permission", "pk": 45, "fields": {"name": "Can add category", "content_type": 13, "codename": "add_categories"}}, {"model": "auth.permission", "pk": 46, "fields": {"name": "Can change category", "content_type": 13, "codename": "change_categories"}}, {"model": "auth.permission", "pk": 47, "fields": {"name": "Can delete category", "content_type": 13, "codename": "delete_categories"}}, {"model": "auth.permission", "pk": 48, "fields": {"name": "Can view category", "content_type": 13, "codename": "view_categories"}}, {"model": "auth.permission", "pk": 49, "fields": {"name": "Can add daily alert", "content_type": 14, "codename": "add_dailyalert"}}, {"model": "auth.permission", "pk": 50, "fields": {"name": "Can change daily alert", "content_type": 14, "codename": "change_dailyalert"}}, {"model": "auth.permission", "pk": 51, "fields": {"name": "Can delete daily alert", "content_type": 14, "codename": "delete_dailyalert"}}, {"model": "auth.permission", "pk": 52, "fields": {"name": "Can view daily alert", "content_type": 14, "codename": "view_dailyalert"}}, {"model": "auth.permission", "pk": 53, "fields": {"name": "Can add document", "content_type": 15, "codename": "add_document"}}, {"model": "auth.permission", "pk": 54, "fields": {"name": "Can change document", "content_type": 15, "codename": "change_document"}}, {"model": "auth.permission", "pk": 55, "fields": {"name": "Can delete document", "content_type": 15, "codename": "delete_document"}}, {"model": "auth.permission", "pk": 56, "fields": {"name": "Can view document", "content_type": 15, "codename": "view_document"}}, {"model": "auth.permission", "pk": 57, "fields": {"name": "Can add greeting", "content_type": 16, "codename": "add_greeting"}}, {"model": "auth.permission", "pk": 58, "fields": {"name": "Can change greeting", "content_type": 16, "codename": "change_greeting"}}, {"model": "auth.permission", "pk": 59, "fields": {"name": "Can delete greeting", "content_type": 16, "codename": "delete_greeting"}}, {"model": "auth.permission", "pk": 60, "fields": {"name": "Can view greeting", "content_type": 16, "codename": "view_greeting"}}, {"model": "auth.permission", "pk": 61, "fields": {"name": "Can add photo gallery", "content_type": 17, "codename": "add_photogallery"}}, {"model": "auth.permission", "pk": 62, "fields": {"name": "Can change photo gallery", "content_type": 17, "codename": "change_photogallery"}}, {"model": "auth.permission", "pk": 63, "fields": {"name": "Can delete photo gallery", "content_type": 17, "codename": "delete_photogallery"}}, {"model": "auth.permission", "pk": 64, "fields": {"name": "Can view photo gallery", "content_type": 17, "codename": "view_photogallery"}}, {"model": "auth.permission", "pk": 65, "fields": {"name": "Can add popup", "content_type": 18, "codename": "add_popup"}}, {"model": "auth.permission", "pk": 66, "fields": {"name": "Can change popup", "content_type": 18, "codename": "change_popup"}}, {"model": "auth.permission", "pk": 67, "fields": {"name": "Can delete popup", "content_type": 18, "codename": "delete_popup"}}, {"model": "auth.permission", "pk": 68, "fields": {"name": "Can view popup", "content_type": 18, "codename": "view_popup"}}, {"model": "auth.permission", "pk": 69, "fields": {"name": "Can add related link", "content_type": 19, "codename": "add_relatedlink"}}, {"model": "auth.permission", "pk": 70, "fields": {"name": "Can change related link", "content_type": 19, "codename": "change_relatedlink"}}, {"model": "auth.permission", "pk": 71, "fields": {"name": "Can delete related link", "content_type": 19, "codename": "delete_relatedlink"}}, {"model": "auth.permission", "pk": 72, "fields": {"name": "Can view related link", "content_type": 19, "codename": "view_relatedlink"}}, {"model": "auth.permission", "pk": 73, "fields": {"name": "Can add slide show", "content_type": 20, "codename": "add_slideshow"}}, {"model": "auth.permission", "pk": 74, "fields": {"name": "Can change slide show", "content_type": 20, "codename": "change_slideshow"}}, {"model": "auth.permission", "pk": 75, "fields": {"name": "Can delete slide show", "content_type": 20, "codename": "delete_slideshow"}}, {"model": "auth.permission", "pk": 76, "fields": {"name": "Can view slide show", "content_type": 20, "codename": "view_slideshow"}}, {"model": "auth.permission", "pk": 77, "fields": {"name": "Can add tag", "content_type": 21, "codename": "add_tags"}}, {"model": "auth.permission", "pk": 78, "fields": {"name": "Can change tag", "content_type": 21, "codename": "change_tags"}}, {"model": "auth.permission", "pk": 79, "fields": {"name": "Can delete tag", "content_type": 21, "codename": "delete_tags"}}, {"model": "auth.permission", "pk": 80, "fields": {"name": "Can view tag", "content_type": 21, "codename": "view_tags"}}, {"model": "auth.permission", "pk": 81, "fields": {"name": "Can add video gallery", "content_type": 22, "codename": "add_videogallery"}}, {"model": "auth.permission", "pk": 82, "fields": {"name": "Can change video gallery", "content_type": 22, "codename": "change_videogallery"}}, {"model": "auth.permission", "pk": 83, "fields": {"name": "Can delete video gallery", "content_type": 22, "codename": "delete_videogallery"}}, {"model": "auth.permission", "pk": 84, "fields": {"name": "Can view video gallery", "content_type": 22, "codename": "view_videogallery"}}, {"model": "auth.permission", "pk": 85, "fields": {"name": "Can add social media", "content_type": 23, "codename": "add_socialmedia"}}, {"model": "auth.permission", "pk": 86, "fields": {"name": "Can change social media", "content_type": 23, "codename": "change_socialmedia"}}, {"model": "auth.permission", "pk": 87, "fields": {"name": "Can delete social media", "content_type": 23, "codename": "delete_socialmedia"}}, {"model": "auth.permission", "pk": 88, "fields": {"name": "Can view social media", "content_type": 23, "codename": "view_socialmedia"}}, {"model": "auth.permission", "pk": 89, "fields": {"name": "Can add page", "content_type": 24, "codename": "add_pages"}}, {"model": "auth.permission", "pk": 90, "fields": {"name": "Can change page", "content_type": 24, "codename": "change_pages"}}, {"model": "auth.permission", "pk": 91, "fields": {"name": "Can delete page", "content_type": 24, "codename": "delete_pages"}}, {"model": "auth.permission", "pk": 92, "fields": {"name": "Can view page", "content_type": 24, "codename": "view_pages"}}, {"model": "auth.permission", "pk": 93, "fields": {"name": "Can add news", "content_type": 25, "codename": "add_news"}}, {"model": "auth.permission", "pk": 94, "fields": {"name": "Can change news", "content_type": 25, "codename": "change_news"}}, {"model": "auth.permission", "pk": 95, "fields": {"name": "Can delete news", "content_type": 25, "codename": "delete_news"}}, {"model": "auth.permission", "pk": 96, "fields": {"name": "Can view news", "content_type": 25, "codename": "view_news"}}, {"model": "auth.permission", "pk": 97, "fields": {"name": "Can add logo", "content_type": 26, "codename": "add_logo"}}, {"model": "auth.permission", "pk": 98, "fields": {"name": "Can change logo", "content_type": 26, "codename": "change_logo"}}, {"model": "auth.permission", "pk": 99, "fields": {"name": "Can delete logo", "content_type": 26, "codename": "delete_logo"}}, {"model": "auth.permission", "pk": 100, "fields": {"name": "Can view logo", "content_type": 26, "codename": "view_logo"}}, {"model": "auth.permission", "pk": 101, "fields": {"name": "Can add event", "content_type": 27, "codename": "add_events"}}, {"model": "auth.permission", "pk": 102, "fields": {"name": "Can change event", "content_type": 27, "codename": "change_events"}}, {"model": "auth.permission", "pk": 103, "fields": {"name": "Can delete event", "content_type": 27, "codename": "delete_events"}}, {"model": "auth.permission", "pk": 104, "fields": {"name": "Can view event", "content_type": 27, "codename": "view_events"}}, {"model": "auth.permission", "pk": 105, "fields": {"name": "Can add article", "content_type": 28, "codename": "add_article"}}, {"model": "auth.permission", "pk": 106, "fields": {"name": "Can change article", "content_type": 28, "codename": "change_article"}}, {"model": "auth.permission", "pk": 107, "fields": {"name": "Can delete article", "content_type": 28, "codename": "delete_article"}}, {"model": "auth.permission", "pk": 108, "fields": {"name": "Can view article", "content_type": 28, "codename": "view_article"}}, {"model": "auth.permission", "pk": 109, "fields": {"name": "Can add announcement", "content_type": 29, "codename": "add_announcement"}}, {"model": "auth.permission", "pk": 110, "fields": {"name": "Can change announcement", "content_type": 29, "codename": "change_announcement"}}, {"model": "auth.permission", "pk": 111, "fields": {"name": "Can delete announcement", "content_type": 29, "codename": "delete_announcement"}}, {"model": "auth.permission", "pk": 112, "fields": {"name": "Can view announcement", "content_type": 29, "codename": "view_announcement"}}, {"model": "auth.permission", "pk": 113, "fields": {"name": "Can add country", "content_type": 45, "codename": "add_country"}}, {"model": "auth.permission", "pk": 114, "fields": {"name": "Can change country", "content_type": 45, "codename": "change_country"}}, {"model": "auth.permission", "pk": 115, "fields": {"name": "Can delete country", "content_type": 45, "codename": "delete_country"}}, {"model": "auth.permission", "pk": 116, "fields": {"name": "Can view country", "content_type": 45, "codename": "view_country"}}, {"model": "auth.permission", "pk": 117, "fields": {"name": "Can add province", "content_type": 46, "codename": "add_province"}}, {"model": "auth.permission", "pk": 118, "fields": {"name": "Can change province", "content_type": 46, "codename": "change_province"}}, {"model": "auth.permission", "pk": 119, "fields": {"name": "Can delete province", "content_type": 46, "codename": "delete_province"}}, {"model": "auth.permission", "pk": 120, "fields": {"name": "Can view province", "content_type": 46, "codename": "view_province"}}, {"model": "auth.permission", "pk": 121, "fields": {"name": "Can add regency", "content_type": 47, "codename": "add_regency"}}, {"model": "auth.permission", "pk": 122, "fields": {"name": "Can change regency", "content_type": 47, "codename": "change_regency"}}, {"model": "auth.permission", "pk": 123, "fields": {"name": "Can delete regency", "content_type": 47, "codename": "delete_regency"}}, {"model": "auth.permission", "pk": 124, "fields": {"name": "Can view regency", "content_type": 47, "codename": "view_regency"}}, {"model": "auth.permission", "pk": 125, "fields": {"name": "Can add sub district", "content_type": 48, "codename": "add_subdistrict"}}, {"model": "auth.permission", "pk": 126, "fields": {"name": "Can change sub district", "content_type": 48, "codename": "change_subdistrict"}}, {"model": "auth.permission", "pk": 127, "fields": {"name": "Can delete sub district", "content_type": 48, "codename": "delete_subdistrict"}}, {"model": "auth.permission", "pk": 128, "fields": {"name": "Can view sub district", "content_type": 48, "codename": "view_subdistrict"}}, {"model": "auth.permission", "pk": 129, "fields": {"name": "Can add urban village", "content_type": 49, "codename": "add_urbanvillage"}}, {"model": "auth.permission", "pk": 130, "fields": {"name": "Can change urban village", "content_type": 49, "codename": "change_urbanvillage"}}, {"model": "auth.permission", "pk": 131, "fields": {"name": "Can delete urban village", "content_type": 49, "codename": "delete_urbanvillage"}}, {"model": "auth.permission", "pk": 132, "fields": {"name": "Can view urban village", "content_type": 49, "codename": "view_urbanvillage"}}, {"model": "auth.permission", "pk": 133, "fields": {"name": "Can add menu", "content_type": 50, "codename": "add_menu"}}, {"model": "auth.permission", "pk": 134, "fields": {"name": "Can change menu", "content_type": 50, "codename": "change_menu"}}, {"model": "auth.permission", "pk": 135, "fields": {"name": "Can delete menu", "content_type": 50, "codename": "delete_menu"}}, {"model": "auth.permission", "pk": 136, "fields": {"name": "Can view menu", "content_type": 50, "codename": "view_menu"}}, {"model": "auth.permission", "pk": 137, "fields": {"name": "Can add menu group", "content_type": 51, "codename": "add_menugroup"}}, {"model": "auth.permission", "pk": 138, "fields": {"name": "Can change menu group", "content_type": 51, "codename": "change_menugroup"}}, {"model": "auth.permission", "pk": 139, "fields": {"name": "Can delete menu group", "content_type": 51, "codename": "delete_menugroup"}}, {"model": "auth.permission", "pk": 140, "fields": {"name": "Can view menu group", "content_type": 51, "codename": "view_menugroup"}}, {"model": "auth.permission", "pk": 141, "fields": {"name": "Can add menu custom", "content_type": 52, "codename": "add_menucustom"}}, {"model": "auth.permission", "pk": 142, "fields": {"name": "Can change menu custom", "content_type": 52, "codename": "change_menucustom"}}, {"model": "auth.permission", "pk": 143, "fields": {"name": "Can delete menu custom", "content_type": 52, "codename": "delete_menucustom"}}, {"model": "auth.permission", "pk": 144, "fields": {"name": "Can view menu custom", "content_type": 52, "codename": "view_menucustom"}}, {"model": "auth.permission", "pk": 145, "fields": {"name": "Can add Blacklisted IP", "content_type": 55, "codename": "add_blacklistip"}}, {"model": "auth.permission", "pk": 146, "fields": {"name": "Can change Blacklisted IP", "content_type": 55, "codename": "change_blacklistip"}}, {"model": "auth.permission", "pk": 147, "fields": {"name": "Can delete Blacklisted IP", "content_type": 55, "codename": "delete_blacklistip"}}, {"model": "auth.permission", "pk": 148, "fields": {"name": "Can view Blacklisted IP", "content_type": 55, "codename": "view_blacklistip"}}, {"model": "auth.permission", "pk": 149, "fields": {"name": "Can add Blacklisted User Agent", "content_type": 56, "codename": "add_blacklistuseragent"}}, {"model": "auth.permission", "pk": 150, "fields": {"name": "Can change Blacklisted User Agent", "content_type": 56, "codename": "change_blacklistuseragent"}}, {"model": "auth.permission", "pk": 151, "fields": {"name": "Can delete Blacklisted User Agent", "content_type": 56, "codename": "delete_blacklistuseragent"}}, {"model": "auth.permission", "pk": 152, "fields": {"name": "Can view Blacklisted User Agent", "content_type": 56, "codename": "view_blacklistuseragent"}}, {"model": "auth.permission", "pk": 153, "fields": {"name": "Can add hit", "content_type": 57, "codename": "add_hit"}}, {"model": "auth.permission", "pk": 154, "fields": {"name": "Can change hit", "content_type": 57, "codename": "change_hit"}}, {"model": "auth.permission", "pk": 155, "fields": {"name": "Can delete hit", "content_type": 57, "codename": "delete_hit"}}, {"model": "auth.permission", "pk": 156, "fields": {"name": "Can view hit", "content_type": 57, "codename": "view_hit"}}, {"model": "auth.permission", "pk": 157, "fields": {"name": "Can add hit count", "content_type": 58, "codename": "add_hitcount"}}, {"model": "auth.permission", "pk": 158, "fields": {"name": "Can change hit count", "content_type": 58, "codename": "change_hitcount"}}, {"model": "auth.permission", "pk": 159, "fields": {"name": "Can delete hit count", "content_type": 58, "codename": "delete_hitcount"}}, {"model": "auth.permission", "pk": 160, "fields": {"name": "Can view hit count", "content_type": 58, "codename": "view_hitcount"}}, {"model": "auth.permission", "pk": 161, "fields": {"name": "Can add banner", "content_type": 59, "codename": "add_banner"}}, {"model": "auth.permission", "pk": 162, "fields": {"name": "Can change banner", "content_type": 59, "codename": "change_banner"}}, {"model": "auth.permission", "pk": 163, "fields": {"name": "Can delete banner", "content_type": 59, "codename": "delete_banner"}}, {"model": "auth.permission", "pk": 164, "fields": {"name": "Can view banner", "content_type": 59, "codename": "view_banner"}}, {"model": "contenttypes.contenttype", "pk": 1, "fields": {"app_label": "admin", "model": "logentry"}}, {"model": "contenttypes.contenttype", "pk": 2, "fields": {"app_label": "auth", "model": "permission"}}, {"model": "contenttypes.contenttype", "pk": 3, "fields": {"app_label": "auth", "model": "group"}}, {"model": "contenttypes.contenttype", "pk": 4, "fields": {"app_label": "contenttypes", "model": "contenttype"}}, {"model": "contenttypes.contenttype", "pk": 5, "fields": {"app_label": "sessions", "model": "session"}}, {"model": "contenttypes.contenttype", "pk": 6, "fields": {"app_label": "sites", "model": "site"}}, {"model": "contenttypes.contenttype", "pk": 7, "fields": {"app_label": "core", "model": "agency"}}, {"model": "contenttypes.contenttype", "pk": 8, "fields": {"app_label": "core", "model": "template"}}, {"model": "contenttypes.contenttype", "pk": 9, "fields": {"app_label": "core", "model": "service"}}, {"model": "contenttypes.contenttype", "pk": 10, "fields": {"app_label": "core", "model": "photo"}}, {"model": "contenttypes.contenttype", "pk": 11, "fields": {"app_label": "core", "model": "user"}}, {"model": "contenttypes.contenttype", "pk": 12, "fields": {"app_label": "core", "model": "agencytranslation"}}, {"model": "contenttypes.contenttype", "pk": 13, "fields": {"app_label": "education", "model": "categories"}}, {"model": "contenttypes.contenttype", "pk": 14, "fields": {"app_label": "education", "model": "dailyalert"}}, {"model": "contenttypes.contenttype", "pk": 15, "fields": {"app_label": "education", "model": "document"}}, {"model": "contenttypes.contenttype", "pk": 16, "fields": {"app_label": "education", "model": "greeting"}}, {"model": "contenttypes.contenttype", "pk": 17, "fields": {"app_label": "education", "model": "photogallery"}}, {"model": "contenttypes.contenttype", "pk": 18, "fields": {"app_label": "education", "model": "popup"}}, {"model": "contenttypes.contenttype", "pk": 19, "fields": {"app_label": "education", "model": "relatedlink"}}, {"model": "contenttypes.contenttype", "pk": 20, "fields": {"app_label": "education", "model": "slideshow"}}, {"model": "contenttypes.contenttype", "pk": 21, "fields": {"app_label": "education", "model": "tags"}}, {"model": "contenttypes.contenttype", "pk": 22, "fields": {"app_label": "education", "model": "videogallery"}}, {"model": "contenttypes.contenttype", "pk": 23, "fields": {"app_label": "education", "model": "socialmedia"}}, {"model": "contenttypes.contenttype", "pk": 24, "fields": {"app_label": "education", "model": "pages"}}, {"model": "contenttypes.contenttype", "pk": 25, "fields": {"app_label": "education", "model": "news"}}, {"model": "contenttypes.contenttype", "pk": 26, "fields": {"app_label": "education", "model": "logo"}}, {"model": "contenttypes.contenttype", "pk": 27, "fields": {"app_label": "education", "model": "events"}}, {"model": "contenttypes.contenttype", "pk": 28, "fields": {"app_label": "education", "model": "article"}}, {"model": "contenttypes.contenttype", "pk": 29, "fields": {"app_label": "education", "model": "announcement"}}, {"model": "contenttypes.contenttype", "pk": 30, "fields": {"app_label": "education", "model": "videogallerytranslation"}}, {"model": "contenttypes.contenttype", "pk": 31, "fields": {"app_label": "education", "model": "tagstranslation"}}, {"model": "contenttypes.contenttype", "pk": 32, "fields": {"app_label": "education", "model": "slideshowtranslation"}}, {"model": "contenttypes.contenttype", "pk": 33, "fields": {"app_label": "education", "model": "relatedlinktranslation"}}, {"model": "contenttypes.contenttype", "pk": 34, "fields": {"app_label": "education", "model": "popuptranslation"}}, {"model": "contenttypes.contenttype", "pk": 35, "fields": {"app_label": "education", "model": "photogallerytranslation"}}, {"model": "contenttypes.contenttype", "pk": 36, "fields": {"app_label": "education", "model": "pagestranslation"}}, {"model": "contenttypes.contenttype", "pk": 37, "fields": {"app_label": "education", "model": "newstranslation"}}, {"model": "contenttypes.contenttype", "pk": 38, "fields": {"app_label": "education", "model": "greetingtranslation"}}, {"model": "contenttypes.contenttype", "pk": 39, "fields": {"app_label": "education", "model": "eventstranslation"}}, {"model": "contenttypes.contenttype", "pk": 40, "fields": {"app_label": "education", "model": "documenttranslation"}}, {"model": "contenttypes.contenttype", "pk": 41, "fields": {"app_label": "education", "model": "dailyalerttranslation"}}, {"model": "contenttypes.contenttype", "pk": 42, "fields": {"app_label": "education", "model": "categoriestranslation"}}, {"model": "contenttypes.contenttype", "pk": 43, "fields": {"app_label": "education", "model": "articletranslation"}}, {"model": "contenttypes.contenttype", "pk": 44, "fields": {"app_label": "education", "model": "announcementtranslation"}}, {"model": "contenttypes.contenttype", "pk": 45, "fields": {"app_label": "region", "model": "country"}}, {"model": "contenttypes.contenttype", "pk": 46, "fields": {"app_label": "region", "model": "province"}}, {"model": "contenttypes.contenttype", "pk": 47, "fields": {"app_label": "region", "model": "regency"}}, {"model": "contenttypes.contenttype", "pk": 48, "fields": {"app_label": "region", "model": "subdistrict"}}, {"model": "contenttypes.contenttype", "pk": 49, "fields": {"app_label": "region", "model": "urbanvillage"}}, {"model": "contenttypes.contenttype", "pk": 50, "fields": {"app_label": "menu", "model": "menu"}}, {"model": "contenttypes.contenttype", "pk": 51, "fields": {"app_label": "menu", "model": "menugroup"}}, {"model": "contenttypes.contenttype", "pk": 52, "fields": {"app_label": "menu", "model": "menucustom"}}, {"model": "contenttypes.contenttype", "pk": 53, "fields": {"app_label": "menu", "model": "menutranslation"}}, {"model": "contenttypes.contenttype", "pk": 54, "fields": {"app_label": "menu", "model": "menugrouptranslation"}}, {"model": "contenttypes.contenttype", "pk": 55, "fields": {"app_label": "hitcount", "model": "blacklistip"}}, {"model": "contenttypes.contenttype", "pk": 56, "fields": {"app_label": "hitcount", "model": "blacklistuseragent"}}, {"model": "contenttypes.contenttype", "pk": 57, "fields": {"app_label": "hitcount", "model": "hit"}}, {"model": "contenttypes.contenttype", "pk": 58, "fields": {"app_label": "hitcount", "model": "hitcount"}}, {"model": "contenttypes.contenttype", "pk": 59, "fields": {"app_label": "education", "model": "banner"}}, {"model": "sessions.session", "pk": "2l9hpjlwuocsuz1gneosev1xi92g7y56", "fields": {"session_data": ".eJxVjDsOwjAQBe_iGln-fyjpOYO19q5xADlSnFSIu0OkFNC-mXkvlmBbW9oGLWlCdmaSnX63DOVBfQd4h36beZn7ukyZ7wo_6ODXGel5Ody_gwajfesqHFgTs_KyCB-sUkjReCciOim1EDZrQi8UVKWy80WDhlApknE1RGTvD7qwN0U:1ozWj1:N8iaT9w6PlgFjyUEa3QScxNHY2p7Tw8uSkUPWCp7BNo", "expire_date": "2022-12-12T13:30:39.556"}}, {"model": "sessions.session", "pk": "3dhshu707j2gpkoy65k579coj83p4um5", "fields": {"session_data": ".eJxVjDsOwjAQBe_iGln-fyjpOYO19q5xADlSnFSIu0OkFNC-mXkvlmBbW9oGLWlCdmaSnX63DOVBfQd4h36beZn7ukyZ7wo_6ODXGel5Ody_gwajfesqHFgTs_KyCB-sUkjReCciOim1EDZrQi8UVKWy80WDhlApknE1RGTvD7qwN0U:1oyR6v:YzE61yDHEGlUHEIbGgl44FPmCiUDpX7n_Cqs6CZYp4s", "expire_date": "2022-12-09T13:18:49.214"}}, {"model": "sessions.session", "pk": "45gesu6nvzpe4khlgfxzbhryycpj8rd3", "fields": {"session_data": "e30:1oyNfi:IDIVloLx8Kq_px4srrcHUnsaxZ1pM4DOJp0zWs1RJ3Q", "expire_date": "2022-12-09T09:38:30.021"}}, {"model": "sessions.session", "pk": "4nwqdcdaa1lkmfyl0ec2dlk7iivw635w", "fields": {"session_data": ".eJxVjDsOwjAQBe_iGln-fyjpOYO19q5xADlSnFSIu0OkFNC-mXkvlmBbW9oGLWlCdmaSnX63DOVBfQd4h36beZn7ukyZ7wo_6ODXGel5Ody_gwajfesqHFgTs_KyCB-sUkjReCciOim1EDZrQi8UVKWy80WDhlApknE1RGTvD7qwN0U:1oyP9c:HF143z0XxXQOi8T1X7UJMI5TXCLaAu77m1qozuWFVNA", "expire_date": "2022-12-09T11:13:28.421"}}, {"model": "sessions.session", "pk": "53mmelo19q44cgeye6g8fruhpf7htwia", "fields": {"session_data": ".eJxVjDsOwjAQBe_iGln-fyjpOYO19q5xADlSnFSIu0OkFNC-mXkvlmBbW9oGLWlCdmaSnX63DOVBfQd4h36beZn7ukyZ7wo_6ODXGel5Ody_gwajfesqHFgTs_KyCB-sUkjReCciOim1EDZrQi8UVKWy80WDhlApknE1RGTvD7qwN0U:1p08BV:Mdp50x-ZrJEOI2-8rI-Spbs1ndpSFeenfwyfLuwhnBE", "expire_date": "2022-12-14T05:30:33.260"}}, {"model": "sessions.session", "pk": "7ag9cguw3hq8dwelr581y6h46kbo9gxq", "fields": {"session_data": ".eJxVjDsOwjAQBe_iGln-fyjpOYO19q5xADlSnFSIu0OkFNC-mXkvlmBbW9oGLWlCdmaSnX63DOVBfQd4h36beZn7ukyZ7wo_6ODXGel5Ody_gwajfesqHFgTs_KyCB-sUkjReCciOim1EDZrQi8UVKWy80WDhlApknE1RGTvD7qwN0U:1oyPL5:vw9tHCI2BVZU1GklLocSA4rYB10LXZEUACgtjF0f2m4", "expire_date": "2022-12-09T11:25:19.099"}}, {"model": "sessions.session", "pk": "agf92ws292np7c1q1h1aa6moa6jzatc9", "fields": {"session_data": ".eJxVjDsOwjAQBe_iGln-fyjpOYO19q5xADlSnFSIu0OkFNC-mXkvlmBbW9oGLWlCdmaSnX63DOVBfQd4h36beZn7ukyZ7wo_6ODXGel5Ody_gwajfesqHFgTs_KyCB-sUkjReCciOim1EDZrQi8UVKWy80WDhlApknE1RGTvD7qwN0U:1oy5y9:JWXG3fE6IrKE7QyJD5QlGvAUbPn99djreyX6SBXM7Fk", "expire_date": "2022-12-08T14:44:21.073"}}, {"model": "sessions.session", "pk": "cdfhqp6kekwc6beojkigcq2ne2846g04", "fields": {"session_data": "e30:1oyNer:KZ1BDfouAn8-E22Lu5_Yvc6zsEms3tYaDb_BruFxk-s", "expire_date": "2022-12-09T09:37:37.042"}}, {"model": "sessions.session", "pk": "eqtk1y5wj2pdu5pfqr1lx6t8s2mr70jd", "fields": {"session_data": ".eJxVjDsOwjAQBe_iGln-fyjpOYO19q5xADlSnFSIu0OkFNC-mXkvlmBbW9oGLWlCdmaSnX63DOVBfQd4h36beZn7ukyZ7wo_6ODXGel5Ody_gwajfesqHFgTs_KyCB-sUkjReCciOim1EDZrQi8UVKWy80WDhlApknE1RGTvD7qwN0U:1oypuQ:NLFCrI5SI8bvewoiNapMdR7-sssr_dXY3BCGeZl8fgY", "expire_date": "2022-12-10T15:47:34.558"}}, {"model": "sessions.session", "pk": "in4qeyf7n88pbvdex5tcsnj7d0ws9iee", "fields": {"session_data": ".eJxVjDsOwjAQBe_iGln-fyjpOYO19q5xADlSnFSIu0OkFNC-mXkvlmBbW9oGLWlCdmaSnX63DOVBfQd4h36beZn7ukyZ7wo_6ODXGel5Ody_gwajfesqHFgTs_KyCB-sUkjReCciOim1EDZrQi8UVKWy80WDhlApknE1RGTvD7qwN0U:1ozFyq:ZvZBG_h7tF0wTvJ4M52Uommkd6T5-FLtBOOac1XulLI", "expire_date": "2022-12-11T19:37:52.755"}}, {"model": "sessions.session", "pk": "lc46vmqfqs42hwvwa8dwtfiu3twpwn95", "fields": {"session_data": "e30:1oyNey:naaQbmdcuHVmnQyDzUMXfOn7VUUERSP8scIPZ6vKzOk", "expire_date": "2022-12-09T09:37:44.123"}}, {"model": "sessions.session", "pk": "o7hs38huafvrmoxj3zpllw6e9a9vh34g", "fields": {"session_data": "e30:1oy6Pb:F3CsnIlT7y9ECfRGxzxBw9uthnpJs5HdQE-9Zekggl4", "expire_date": "2022-12-08T15:12:43.631"}}, {"model": "sessions.session", "pk": "oj4z18nnn7fom32b58g63hzi2qxnvrs7", "fields": {"session_data": "e30:1oyNcG:akVDZwn8DBE0VNEWcPHFXwc5v_blaNqrYgz1SLayiHE", "expire_date": "2022-12-09T09:34:56.930"}}, {"model": "sessions.session", "pk": "sonk2f467ljrrvrl0y74qxclkf1gf4fl", "fields": {"session_data": ".eJxVjDsOwjAQBe_iGln-fyjpOYO19q5xADlSnFSIu0OkFNC-mXkvlmBbW9oGLWlCdmaSnX63DOVBfQd4h36beZn7ukyZ7wo_6ODXGel5Ody_gwajfesqHFgTs_KyCB-sUkjReCciOim1EDZrQi8UVKWy80WDhlApknE1RGTvD7qwN0U:1oyPlS:zecRbsJj5T-SF6LKGYII2eybwj9O7b_W9t2a0eJy76c", "expire_date": "2022-12-09T11:52:34.370"}}, {"model": "sessions.session", "pk": "wkww06hwz2em0ft7193iisn33zj6r4k5", "fields": {"session_data": "e30:1oyNcz:LI88ekp1_lvoFbnCdS3Jb50X2uJgTrE0Fwkb97ULX9k", "expire_date": "2022-12-09T09:35:41.604"}}, {"model": "sessions.session", "pk": "y4brxokzxwz9vcdwc1eg9rmc2rkngj7l", "fields": {"session_data": "e30:1oyNeS:86pPtp4hEPwmC60n0OgUXw9xxH_JDbtGoz_RjpWsmpI", "expire_date": "2022-12-09T09:37:12.687"}}, {"model": "sessions.session", "pk": "zb82gpbmz3f9j4e7ylhdczrg7b70ub01", "fields": {"session_data": ".eJxVjDsOwjAQBe_iGln-fyjpOYO19q5xADlSnFSIu0OkFNC-mXkvlmBbW9oGLWlCdmaSnX63DOVBfQd4h36beZn7ukyZ7wo_6ODXGel5Ody_gwajfesqHFgTs_KyCB-sUkjReCciOim1EDZrQi8UVKWy80WDhlApknE1RGTvD7qwN0U:1oyNDe:mE_rHkiDuEpX1S_i3-vaCTYDbjkX_16mEtcDXxVZTas", "expire_date": "2022-12-09T09:09:30.524"}}, {"model": "sites.site", "pk": 1, "fields": {"domain": "127.0.0.1:8000", "name": "SMUN I Mataram"}}, {"model": "sites.site", "pk": 2, "fields": {"domain": "localhost:8000", "name": "for testing 2"}}, {"model": "core.photo", "pk": 2, "fields": {"uuid": "60bb1595-b887-4dc0-9304-7a3725bafb1b", "created_at": "2022-11-22T14:57:41.467", "updated_at": "2022-11-22T14:57:41.467", "file_path": "crop/2022/11/22/1-20221122-145740-226203.jpeg", "content_type": 26, "object_id": 2}}, {"model": "core.photo", "pk": 5, "fields": {"uuid": "26093225-6235-4b9d-bf40-b35129030c67", "created_at": "2022-11-22T18:32:47.294", "updated_at": "2022-11-22T18:32:47.294", "file_path": "crop/2022/11/22/1-20221122-183244-586005.jpeg", "content_type": 25, "object_id": 2}}, {"model": "core.photo", "pk": 15, "fields": {"uuid": "e7da0282-fcfc-491f-94a2-9d222b5b1a9f", "created_at": "2022-11-28T13:32:28.624", "updated_at": "2022-11-28T13:32:28.624", "file_path": "crop/2022/11/28/1-20221128-133224-512372.jpeg", "content_type": 29, "object_id": 4}}, {"model": "core.photo", "pk": 16, "fields": {"uuid": "4875d85e-0a18-4931-aeb8-6abad5e4c3d8", "created_at": "2022-11-28T21:20:29.649", "updated_at": "2022-11-28T21:20:29.649", "file_path": "crop/2022/11/28/1-20221128-212026-823031.jpeg", "content_type": 25, "object_id": 4}}, {"model": "core.photo", "pk": 17, "fields": {"uuid": "7a97372b-532e-4e47-8146-c5ccf9879f75", "created_at": "2022-11-28T21:35:25.050", "updated_at": "2022-11-28T21:35:25.050", "file_path": "crop/2022/11/28/1-20221128-213522-914666.jpeg", "content_type": 25, "object_id": 5}}, {"model": "core.photo", "pk": 18, "fields": {"uuid": "00ca1b71-7a5b-46a9-887e-4194f18f6330", "created_at": "2022-11-28T21:39:39.611", "updated_at": "2022-11-28T21:39:39.611", "file_path": "crop/2022/11/28/1-20221128-213936-804673.jpeg", "content_type": 25, "object_id": 6}}, {"model": "core.photo", "pk": 19, "fields": {"uuid": "b88b2615-e935-42d4-9bf5-62b8f97d80f9", "created_at": "2022-11-28T21:42:04.453", "updated_at": "2022-11-28T21:42:04.453", "file_path": "crop/2022/11/28/1-20221128-214202-562274.jpeg", "content_type": 25, "object_id": 7}}, {"model": "core.photo", "pk": 20, "fields": {"uuid": "9b0b206c-a216-424e-88d6-62e716b51cf9", "created_at": "2022-11-29T10:19:36.048", "updated_at": "2022-11-29T10:19:36.048", "file_path": "crop/2022/11/29/1-20221129-101734-526778.jpeg", "content_type": 29, "object_id": 5}}, {"model": "core.photo", "pk": 21, "fields": {"uuid": "d78eea73-d86f-4ebc-a084-daeb8968af84", "created_at": "2022-11-29T10:41:33.320", "updated_at": "2022-11-29T10:41:33.320", "file_path": "crop/2022/11/29/1-20221129-104131-735875.jpeg", "content_type": 29, "object_id": 6}}, {"model": "core.photo", "pk": 26, "fields": {"uuid": "b4ecb01c-3222-4597-8e44-134e6c84b7a6", "created_at": "2022-11-29T12:31:33.529", "updated_at": "2022-11-29T12:31:33.529", "file_path": "crop/2022/11/29/1-20221129-123131-976489.jpeg", "content_type": 29, "object_id": 1}}, {"model": "core.photo", "pk": 27, "fields": {"uuid": "42de9f93-4ee8-4598-8d6b-caff66351088", "created_at": "2022-11-29T12:32:59.718", "updated_at": "2022-11-29T12:32:59.718", "file_path": "crop/2022/11/29/1-20221129-123258-029221.jpeg", "content_type": 29, "object_id": 2}}, {"model": "core.photo", "pk": 32, "fields": {"uuid": "4091670e-fc00-4e08-929a-73e878a6caaa", "created_at": "2022-11-29T13:05:19.241", "updated_at": "2022-11-29T13:05:19.241", "file_path": "crop/2022/11/29/1-20221129-130517-679194.jpeg", "content_type": 26, "object_id": 1}}, {"model": "core.photo", "pk": 33, "fields": {"uuid": "f834ffdf-6247-4e61-be7e-1fea22b5b726", "created_at": "2022-11-29T13:25:33.998", "updated_at": "2022-11-29T13:25:33.998", "file_path": "crop/2022/11/29/1-20221129-132531-527348.jpeg", "content_type": 29, "object_id": 3}}, {"model": "core.photo", "pk": 34, "fields": {"uuid": "39881162-50ed-44ab-8950-fa3a3679a540", "created_at": "2022-11-29T13:57:03.970", "updated_at": "2022-11-29T13:57:03.970", "file_path": "crop/2022/11/29/1-20221129-135702-084239.jpeg", "content_type": 59, "object_id": 1}}, {"model": "core.photo", "pk": 38, "fields": {"uuid": "3b360225-15b0-4961-9c92-57fef4a94ada", "created_at": "2022-11-29T14:20:25.355", "updated_at": "2022-11-29T14:20:25.355", "file_path": "crop/2022/11/29/1-20221129-142024-251192.jpeg", "content_type": 20, "object_id": 2}}, {"model": "core.photo", "pk": 39, "fields": {"uuid": "e22cc38e-b63b-4ab8-8247-2a28560bc7f2", "created_at": "2022-11-29T14:20:55.927", "updated_at": "2022-11-29T14:20:55.927", "file_path": "crop/2022/11/29/1-20221129-142054-345905.jpeg", "content_type": 20, "object_id": 3}}, {"model": "core.photo", "pk": 40, "fields": {"uuid": "9657ef01-bfb3-4804-901d-a0c269a682ef", "created_at": "2022-11-29T14:48:40.700", "updated_at": "2022-11-29T14:48:40.700", "file_path": "crop/2022/11/29/1-20221129-144838-638083.jpeg", "content_type": 16, "object_id": 1}}, {"model": "core.photo", "pk": 42, "fields": {"uuid": "f493e6da-3af1-4b97-a2a3-582818c02ace", "created_at": "2022-11-29T15:00:21.888", "updated_at": "2022-11-29T15:00:21.888", "file_path": "crop/2022/11/29/1-20221129-150020-482415.jpeg", "content_type": 27, "object_id": 1}}, {"model": "core.photo", "pk": 43, "fields": {"uuid": "eeee216e-9172-4576-a366-d6f01ab12b56", "created_at": "2022-11-29T15:01:44.162", "updated_at": "2022-11-29T15:01:44.162", "file_path": "crop/2022/11/29/1-20221129-150141-297524.jpeg", "content_type": 27, "object_id": 2}}, {"model": "core.photo", "pk": 44, "fields": {"uuid": "24f053a4-3a86-431a-8ba1-32af69a06949", "created_at": "2022-11-29T15:13:08.028", "updated_at": "2022-11-29T15:13:08.028", "file_path": "crop/2022/11/29/1-20221129-151306-275894.jpeg", "content_type": 27, "object_id": 3}}, {"model": "core.photo", "pk": 45, "fields": {"uuid": "ba493d0d-2ea2-4345-85a4-a4120e7bfe33", "created_at": "2022-11-29T15:24:18.702", "updated_at": "2022-11-29T15:24:18.702", "file_path": "crop/2022/11/29/1-20221129-152415-656755.jpeg", "content_type": 27, "object_id": 4}}, {"model": "core.photo", "pk": 47, "fields": {"uuid": "69f6fe09-4552-4f19-ace8-e7bbc9ad4934", "created_at": "2022-11-29T15:29:45.395", "updated_at": "2022-11-29T15:29:45.395", "file_path": "crop/2022/11/29/1-20221129-152943-514665.jpeg", "content_type": 17, "object_id": 1}}, {"model": "core.photo", "pk": 48, "fields": {"uuid": "6b6ea26d-4557-4eeb-8721-8caa1d62a298", "created_at": "2022-11-29T15:30:41.384", "updated_at": "2022-11-29T15:30:41.384", "file_path": "crop/2022/11/29/1-20221129-153039-534734.jpeg", "content_type": 17, "object_id": 2}}, {"model": "core.photo", "pk": 49, "fields": {"uuid": "710644c1-ac50-47d4-968f-b1a80999f431", "created_at": "2022-11-29T15:34:31.050", "updated_at": "2022-11-29T15:34:31.050", "file_path": "crop/2022/11/29/1-20221129-153429-120718.jpeg", "content_type": 17, "object_id": 3}}, {"model": "core.photo", "pk": 50, "fields": {"uuid": "4b194d3e-b4f1-4f48-b57e-26ed8b373c12", "created_at": "2022-11-29T15:34:50.252", "updated_at": "2022-11-29T15:34:50.252", "file_path": "crop/2022/11/29/1-20221129-153448-649118.jpeg", "content_type": 17, "object_id": 4}}, {"model": "core.photo", "pk": 52, "fields": {"uuid": "02646798-ba0e-4bf9-88c3-1e1f428028fe", "created_at": "2022-11-30T05:34:36.389", "updated_at": "2022-11-30T05:34:36.389", "file_path": "crop/2022/11/30/1-20221130-053434-340377.jpeg", "content_type": 25, "object_id": 1}}, {"model": "core.agencytranslation", "pk": 3, "fields": {"language_code": "id", "address": "Jl. Klampis Ngasem III No. 31", "notes": "<p>Ada banyak variasi tulisan Lorem Ipsum yang tersedia, tapi kebanyakan sudah mengalami perubahan bentuk, entah karena unsur humor atau kalimat yang diacak hingga nampak sangat tidak masuk akal. Jika anda ingin menggunakan tulisan Lorem Ipsum, anda harus yakin tidak ada bagian yang memalukan yang tersembunyi di tengah naskah tersebut. Semua generator Lorem Ipsum di internet cenderung untuk mengulang bagian-bagian tertentu. Karena itu inilah generator pertama yang sebenarnya di internet. Ia menggunakan kamus perbendaharaan yang terdiri dari 200 kata Latin, yang digabung dengan banyak contoh struktur kalimat untuk menghasilkan Lorem Ipsun yang nampak masuk akal. Karena itu Lorem Ipsun yang dihasilkan akan selalu bebas dari pengulangan, unsur humor yang sengaja dimasukkan, kata yang tidak sesuai dengan karakteristiknya dan lain sebagainya.</p>\r\n", "master": 2}}, {"model": "core.agencytranslation", "pk": 4, "fields": {"language_code": "en", "address": "Jl. Klampis Ngasem III No. 31 666  Klampis Ngasem III No. 31 ", "notes": "<p>Ada banyak variasi tulisan Lorem Ipsum yang tersedia, tapi kebanyakan sudah mengalami perubahan bentuk, entah karena unsur humor atau kalimat yang diacak hingga nampak sangat tidak masuk akal. Jika anda ingin menggunakan tulisan Lorem Ipsum, anda harus yakin tidak ada bagian yang memalukan yang tersembunyi di tengah naskah tersebut. Semua generator Lorem Ipsum di internet cenderung untuk mengulang bagian-bagian tertentu. Karena itu inilah generator pertama yang sebenarnya di internet. Ia menggunakan kamus perbendaharaan yang terdiri dari 200 kata Latin, yang digabung dengan banyak contoh struktur kalimat untuk menghasilkan Lorem Ipsun yang nampak masuk akal. Karena itu Lorem Ipsun yang dihasilkan akan selalu bebas dari pengulangan, unsur humor yang sengaja dimasukkan, kata yang tidak sesuai dengan karakteristiknya dan lain sebagainya.</p>\r\n", "master": 2}}, {"model": "core.agencytranslation", "pk": 5, "fields": {"language_code": "id", "address": null, "notes": "", "master": 3}}, {"model": "core.agency", "pk": 2, "fields": {"uuid": "18e948c0-96d6-4688-bfab-ab778f0c0cc6", "created_at": "2022-11-22T14:02:32.593", "updated_at": "2022-11-30T08:38:07.115", "name": "SMUN I Mataram", "shortuuid": "0002y6nh", "email": "suratiwan03@gmail.com", "phone": "6281917269380", "fax": "081222222123", "whatsapp": "080888888888", "country": null, "province": null, "regency": null, "sub_district": null, "urban_village": null, "billing_type": 2, "conversion": 0.0}}, {"model": "core.agency", "pk": 3, "fields": {"uuid": "d4ebc45f-f507-4dc9-bf16-169a54cdc458", "created_at": "2022-11-23T21:54:08.687", "updated_at": "2022-11-23T21:54:08.687", "name": "SMUN I Sumbawa", "shortuuid": "000333wc", "email": null, "phone": null, "fax": null, "whatsapp": null, "country": null, "province": null, "regency": null, "sub_district": null, "urban_village": null, "billing_type": 2, "conversion": 0.0}}, {"model": "core.user", "pk": 1, "fields": {"password": "pbkdf2_sha256$390000$RbBvYUfcxVh1dNqYNDkOcU$7AB4lwY7qhgcRatNaFHIRM2eBECyRJEVBhyZNruXgec=", "email": "admin@gmail.com", "name": "Iwan Setiawan", "is_active": true, "is_staff": true, "is_superuser": true, "menu_group": 3, "is_main_user": false, "is_first_enter": true, "is_management": true, "date_joined": "2022-11-22T13:12:16.705", "last_login": "2022-11-30T05:30:33.214", "groups": [], "user_permissions": [], "agency": []}}, {"model": "core.service", "pk": 1, "fields": {"uuid": "2658369d-41bc-45f5-9765-0c9138854518", "created_at": "2022-11-22T14:03:15.112", "updated_at": "2022-11-22T14:03:15.112", "site": 1, "kind": 1, "agency": 2, "is_active": true, "expired_date": "2023-11-22T14:03:14"}}, {"model": "core.service", "pk": 2, "fields": {"uuid": "f087e5e6-6fc7-4c57-a7ab-2436c45488dc", "created_at": "2022-11-23T21:54:23.526", "updated_at": "2022-11-23T21:54:23.526", "site": 2, "kind": 1, "agency": 3, "is_active": true, "expired_date": "2022-11-23T21:54:21"}}, {"model": "core.template", "pk": 1, "fields": {"uuid": "d81b95ff-2caf-4ef7-b4e5-5a5e5a24218b", "created_at": "2022-11-22T13:15:56.902", "updated_at": "2022-11-23T21:54:38.181", "name": "Frontend", "rel_path": "education/college-and-school-education/", "is_frontend": true, "site": [1, 2]}}, {"model": "core.template", "pk": 2, "fields": {"uuid": "606d3487-da84-4506-add7-055bab9bba1c", "created_at": "2022-11-22T13:16:20.182", "updated_at": "2022-11-23T21:54:34.295", "name": "Backend", "rel_path": "backend/smart-admin-2/", "is_frontend": false, "site": [1, 2]}}, {"model": "education.logo", "pk": 1, "fields": {"uuid": "122216aa-bda6-4aea-a239-b7a20cca04f9", "created_at": "2022-11-29T12:42:48.003", "updated_at": "2022-11-29T13:05:19.104", "site": 1, "name": "Logo"}}, {"model": "education.tagstranslation", "pk": 1, "fields": {"language_code": "id", "name": "Teknologi", "master": 1}}, {"model": "education.tagstranslation", "pk": 2, "fields": {"language_code": "en", "name": "Teknologi", "master": 1}}, {"model": "education.tags", "pk": 1, "fields": {"uuid": "a25b8de2-6eb5-4026-90cd-672c3a034c78", "created_at": "2022-11-29T12:15:17.750", "updated_at": "2022-11-29T12:15:18.011", "site": 1, "slug": "en-teknologi--1"}}, {"model": "education.categoriestranslation", "pk": 1, "fields": {"language_code": "id", "name": "Ilmu Pengetahuan", "master": 1}}, {"model": "education.categoriestranslation", "pk": 2, "fields": {"language_code": "en", "name": "Ilmu Pengetahuan", "master": 1}}, {"model": "education.categories", "pk": 1, "fields": {"uuid": "ea119da4-731c-4f1f-99ac-208bee9e3c7b", "created_at": "2022-11-29T12:15:00.184", "updated_at": "2022-11-29T12:15:00.587", "site": 1, "slug": "en-ilmu-pengetahuan--1"}}, {"model": "education.announcementtranslation", "pk": 1, "fields": {"language_code": "id", "title": "Apakah Lorem Ipsum itu?", "content": "<p>Lorem Ipsum&nbsp;adalah contoh teks atau dummy dalam industri percetakan dan penataan huruf atau typesetting. Lorem Ipsum telah menjadi standar contoh teks sejak tahun 1500an, saat seorang tukang cetak yang tidak dikenal mengambil sebuah kumpulan teks dan mengacaknya untuk menjadi sebuah buku contoh huruf. Ia tidak hanya bertahan selama 5 abad, tapi juga telah beralih ke penataan huruf elektronik, tanpa ada perubahan apapun. Ia mulai dipopulerkan pada tahun 1960 dengan diluncurkannya lembaran-lembaran Letraset yang menggunakan kalimat-kalimat dari Lorem Ipsum, dan seiring munculnya perangkat lunak Desktop Publishing seperti Aldus PageMaker juga memiliki versi Lorem Ipsum.</p>\r\n", "master": 1}}, {"model": "education.announcementtranslation", "pk": 2, "fields": {"language_code": "en", "title": "Apakah Lorem Ipsum itu?", "content": "<p>Lorem Ipsum&nbsp;adalah contoh teks atau dummy dalam industri percetakan dan penataan huruf atau typesetting. Lorem Ipsum telah menjadi standar contoh teks sejak tahun 1500an, saat seorang tukang cetak yang tidak dikenal mengambil sebuah kumpulan teks dan mengacaknya untuk menjadi sebuah buku contoh huruf. Ia tidak hanya bertahan selama 5 abad, tapi juga telah beralih ke penataan huruf elektronik, tanpa ada perubahan apapun. Ia mulai dipopulerkan pada tahun 1960 dengan diluncurkannya lembaran-lembaran Letraset yang menggunakan kalimat-kalimat dari Lorem Ipsum, dan seiring munculnya perangkat lunak Desktop Publishing seperti Aldus PageMaker juga memiliki versi Lorem Ipsum.</p>\r\n", "master": 1}}, {"model": "education.announcementtranslation", "pk": 3, "fields": {"language_code": "id", "title": "Mengapa kita menggunakannya?", "content": "<p>Sudah merupakan fakta bahwa seorang pembaca akan terpengaruh oleh isi tulisan dari sebuah halaman saat ia melihat tata letaknya. Maksud penggunaan Lorem Ipsum adalah karena ia kurang lebih memiliki penyebaran huruf yang normal, ketimbang menggunakan kalimat seperti &quot;Bagian isi disini, bagian isi disini&quot;, sehingga ia seolah menjadi naskah Inggris yang bisa dibaca. Banyak paket Desktop Publishing dan editor situs web yang kini menggunakan Lorem Ipsum sebagai contoh teks. Karenanya pencarian terhadap kalimat &quot;Lorem Ipsum&quot; akan berujung pada banyak situs web yang masih dalam tahap pengembangan. Berbagai versi juga telah berubah dari tahun ke tahun, kadang karena tidak sengaja, kadang karena disengaja (misalnya karena dimasukkan unsur humor atau semacamnya)</p>\r\n", "master": 2}}, {"model": "education.announcementtranslation", "pk": 4, "fields": {"language_code": "en", "title": "Mengapa kita menggunakannya?", "content": "<p>Sudah merupakan fakta bahwa seorang pembaca akan terpengaruh oleh isi tulisan dari sebuah halaman saat ia melihat tata letaknya. Maksud penggunaan Lorem Ipsum adalah karena ia kurang lebih memiliki penyebaran huruf yang normal, ketimbang menggunakan kalimat seperti &quot;Bagian isi disini, bagian isi disini&quot;, sehingga ia seolah menjadi naskah Inggris yang bisa dibaca. Banyak paket Desktop Publishing dan editor situs web yang kini menggunakan Lorem Ipsum sebagai contoh teks. Karenanya pencarian terhadap kalimat &quot;Lorem Ipsum&quot; akan berujung pada banyak situs web yang masih dalam tahap pengembangan. Berbagai versi juga telah berubah dari tahun ke tahun, kadang karena tidak sengaja, kadang karena disengaja (misalnya karena dimasukkan unsur humor atau semacamnya)</p>\r\n", "master": 2}}, {"model": "education.announcementtranslation", "pk": 5, "fields": {"language_code": "id", "title": "Lorem Ipsum Lorem Ipsum Lorem Ipsum Lorem Ipsum Lorem Ipsum Lorem Ipsum Lorem Ipsum", "content": "<p>Lorem Ipsum&nbsp;adalah contoh teks atau dummy dalam industri percetakan dan penataan huruf atau typesetting. Lorem Ipsum telah menjadi standar contoh teks sejak tahun 1500an, saat seorang tukang cetak yang tidak dikenal mengambil sebuah kumpulan teks dan mengacaknya untuk menjadi sebuah buku contoh huruf. Ia tidak hanya bertahan selama 5 abad, tapi juga telah beralih ke penataan huruf elektronik, tanpa ada perubahan apapun. Ia mulai dipopulerkan pada tahun 1960 dengan diluncurkannya lembaran-lembaran Letraset yang menggunakan kalimat-kalimat dari Lorem Ipsum, dan seiring munculnya perangkat lunak Desktop Publishing seperti Aldus PageMaker juga memiliki versi Lorem Ipsum.</p>\r\n", "master": 3}}, {"model": "education.announcementtranslation", "pk": 6, "fields": {"language_code": "en", "title": "Lorem Ipsum Lorem Ipsum Lorem Ipsum Lorem Ipsum Lorem Ipsum Lorem Ipsum Lorem Ipsum", "content": "<p>Lorem Ipsum&nbsp;adalah contoh teks atau dummy dalam industri percetakan dan penataan huruf atau typesetting. Lorem Ipsum telah menjadi standar contoh teks sejak tahun 1500an, saat seorang tukang cetak yang tidak dikenal mengambil sebuah kumpulan teks dan mengacaknya untuk menjadi sebuah buku contoh huruf. Ia tidak hanya bertahan selama 5 abad, tapi juga telah beralih ke penataan huruf elektronik, tanpa ada perubahan apapun. Ia mulai dipopulerkan pada tahun 1960 dengan diluncurkannya lembaran-lembaran Letraset yang menggunakan kalimat-kalimat dari Lorem Ipsum, dan seiring munculnya perangkat lunak Desktop Publishing seperti Aldus PageMaker juga memiliki versi Lorem Ipsum.</p>\r\n", "master": 3}}, {"model": "education.announcement", "pk": 1, "fields": {"uuid": "57d25024-7122-4839-ba5d-cd53fb97558a", "created_at": "2022-11-29T12:16:31.962", "updated_at": "2022-11-29T12:31:33.145", "site": 1, "admin": 1, "view_count": 0, "share_count": 0, "slug": "en-apakah-lorem-ipsum-itu--1", "status": 2, "categories": 1, "word_count": 89, "reading_time": 1, "priority": 1, "tags": [1]}}, {"model": "education.announcement", "pk": 2, "fields": {"uuid": "5dae7091-306f-4f91-8888-cbb5988700ba", "created_at": "2022-11-29T12:32:59.157", "updated_at": "2022-11-29T12:32:59.400", "site": 1, "admin": 1, "view_count": 0, "share_count": 0, "slug": "en-mengapa-kita-menggunakannya--2", "status": 2, "categories": 1, "word_count": 108, "reading_time": 1, "priority": 3, "tags": [1]}}, {"model": "education.announcement", "pk": 3, "fields": {"uuid": "01e762f8-1517-4108-98c7-84e99509ee39", "created_at": "2022-11-29T13:25:33.493", "updated_at": "2022-11-30T11:16:22.254", "site": 1, "admin": 1, "view_count": 0, "share_count": 0, "slug": "id-lorem-ipsum-lorem-ipsum-lorem-ipsum-lorem-ipsum-lorem-ipsum-lorem-ipsum-lorem-ipsum--3", "status": 2, "categories": 1, "word_count": 89, "reading_time": 1, "priority": 3, "tags": [1]}}, {"model": "education.newstranslation", "pk": 1, "fields": {"language_code": "id", "title": "Dari mana asalnya? Dari mana asalnya?", "content": "<p>Tidak seperti anggapan banyak orang, Lorem Ipsum bukanlah teks-teks yang diacak. Ia berakar dari sebuah naskah sastra latin klasik dari era 45 sebelum masehi, hingga bisa dipastikan usianya telah mencapai lebih dari 2000 tahun. Richard McClintock, seorang professor Bahasa Latin dari Hampden-Sidney College di Virginia, mencoba mencari makna salah satu kata latin yang dianggap paling tidak jelas, yakni consectetur, yang diambil dari salah satu bagian Lorem Ipsum. Setelah ia mencari maknanya di di literatur klasik, ia mendapatkan sebuah sumber yang tidak bisa diragukan. Lorem Ipsum berasal dari bagian 1.10.32 dan 1.10.33 dari naskah &quot;de Finibus Bonorum et Malorum&quot; (Sisi Ekstrim dari Kebaikan dan Kejahatan) karya Cicero, yang ditulis pada tahun 45 sebelum masehi. BUku ini adalah risalah dari teori etika yang sangat terkenal pada masa Renaissance. Baris pertama dari Lorem Ipsum, &quot;Lorem ipsum dolor sit amet..&quot;, berasal dari sebuah baris di bagian 1.10.32.</p>\r\n\r\n<p>Bagian standar dari teks Lorem Ipsum yang digunakan sejak tahun 1500an kini di reproduksi kembali di bawah ini untuk mereka yang tertarik. Bagian 1.10.32 dan 1.10.33 dari &quot;de Finibus Bonorum et Malorum&quot; karya Cicero juga di reproduksi persis seperti bentuk aslinya, diikuti oleh versi bahasa Inggris yang berasal dari terjemahan tahun 1914 oleh H. Rackham.</p>\r\n", "master": 1}}, {"model": "education.newstranslation", "pk": 2, "fields": {"language_code": "en", "title": "Dari mana asalnya? Dari mana asalnya?", "content": "<p>Tidak seperti anggapan banyak orang, Lorem Ipsum bukanlah teks-teks yang diacak. Ia berakar dari sebuah naskah sastra latin klasik dari era 45 sebelum masehi, hingga bisa dipastikan usianya telah mencapai lebih dari 2000 tahun. Richard McClintock, seorang professor Bahasa Latin dari Hampden-Sidney College di Virginia, mencoba mencari makna salah satu kata latin yang dianggap paling tidak jelas, yakni consectetur, yang diambil dari salah satu bagian Lorem Ipsum. Setelah ia mencari maknanya di di literatur klasik, ia mendapatkan sebuah sumber yang tidak bisa diragukan. Lorem Ipsum berasal dari bagian 1.10.32 dan 1.10.33 dari naskah &quot;de Finibus Bonorum et Malorum&quot; (Sisi Ekstrim dari Kebaikan dan Kejahatan) karya Cicero, yang ditulis pada tahun 45 sebelum masehi. BUku ini adalah risalah dari teori etika yang sangat terkenal pada masa Renaissance. Baris pertama dari Lorem Ipsum, &quot;Lorem ipsum dolor sit amet..&quot;, berasal dari sebuah baris di bagian 1.10.32.</p>\r\n\r\n<p>Bagian standar dari teks Lorem Ipsum yang digunakan sejak tahun 1500an kini di reproduksi kembali di bawah ini untuk mereka yang tertarik. Bagian 1.10.32 dan 1.10.33 dari &quot;de Finibus Bonorum et Malorum&quot; karya Cicero juga di reproduksi persis seperti bentuk aslinya, diikuti oleh versi bahasa Inggris yang berasal dari terjemahan tahun 1914 oleh H. Rackham.</p>\r\n", "master": 1}}, {"model": "education.news", "pk": 1, "fields": {"uuid": "1b9def2a-e7b5-4d51-901b-c11062601bbb", "created_at": "2022-11-30T05:33:57.760", "updated_at": "2022-11-30T05:34:35.923", "site": 1, "admin": 1, "view_count": 0, "share_count": 0, "slug": "en-dari-mana-asalnya-dari-mana-asalnya--1", "status": 2, "categories": 1, "word_count": 186, "reading_time": 1, "tags": [1]}}, {"model": "education.eventstranslation", "pk": 1, "fields": {"language_code": "id", "title": "Apakah Lorem Ipsum itu? Apakah Lorem Ipsum itu? Apakah Lorem Ipsum itu? Apakah Lorem Ipsum itu? Apakah Lorem Ipsum itu?", "content": "<p>Tidak seperti anggapan banyak orang, Lorem Ipsum bukanlah teks-teks yang diacak. Ia berakar dari sebuah naskah sastra latin klasik dari era 45 sebelum masehi, hingga bisa dipastikan usianya telah mencapai lebih dari 2000 tahun. Richard McClintock, seorang professor Bahasa Latin dari Hampden-Sidney College di Virginia, mencoba mencari makna salah satu kata latin yang dianggap paling tidak jelas, yakni consectetur, yang diambil dari salah satu bagian Lorem Ipsum. Setelah ia mencari maknanya di di literatur klasik, ia mendapatkan sebuah sumber yang tidak bisa diragukan. Lorem Ipsum berasal dari bagian 1.10.32 dan 1.10.33 dari naskah &quot;de Finibus Bonorum et Malorum&quot; (Sisi Ekstrim dari Kebaikan dan Kejahatan) karya Cicero, yang ditulis pada tahun 45 sebelum masehi. BUku ini adalah risalah dari teori etika yang sangat terkenal pada masa Renaissance. Baris pertama dari Lorem Ipsum, &quot;Lorem ipsum dolor sit amet..&quot;, berasal dari sebuah baris di bagian 1.10.32.</p>\r\n\r\n<p>Bagian standar dari teks Lorem Ipsum yang digunakan sejak tahun 1500an kini di reproduksi kembali di bawah ini untuk mereka yang tertarik. Bagian 1.10.32 dan 1.10.33 dari &quot;de Finibus Bonorum et Malorum&quot; karya Cicero juga di reproduksi persis seperti bentuk aslinya, diikuti oleh versi bahasa Inggris yang berasal dari terjemahan tahun 1914 oleh H. Rackham.</p>\r\n", "location": "Sudah merupakan fakta bahwa seorang pembaca akan terpengaruh", "master": 1}}, {"model": "education.eventstranslation", "pk": 2, "fields": {"language_code": "en", "title": "Apakah Lorem Ipsum itu? Apakah Lorem Ipsum itu? Apakah Lorem Ipsum itu? Apakah Lorem Ipsum itu? Apakah Lorem Ipsum itu?", "content": "<p>Tidak seperti anggapan banyak orang, Lorem Ipsum bukanlah teks-teks yang diacak. Ia berakar dari sebuah naskah sastra latin klasik dari era 45 sebelum masehi, hingga bisa dipastikan usianya telah mencapai lebih dari 2000 tahun. Richard McClintock, seorang professor Bahasa Latin dari Hampden-Sidney College di Virginia, mencoba mencari makna salah satu kata latin yang dianggap paling tidak jelas, yakni consectetur, yang diambil dari salah satu bagian Lorem Ipsum. Setelah ia mencari maknanya di di literatur klasik, ia mendapatkan sebuah sumber yang tidak bisa diragukan. Lorem Ipsum berasal dari bagian 1.10.32 dan 1.10.33 dari naskah &quot;de Finibus Bonorum et Malorum&quot; (Sisi Ekstrim dari Kebaikan dan Kejahatan) karya Cicero, yang ditulis pada tahun 45 sebelum masehi. BUku ini adalah risalah dari teori etika yang sangat terkenal pada masa Renaissance. Baris pertama dari Lorem Ipsum, &quot;Lorem ipsum dolor sit amet..&quot;, berasal dari sebuah baris di bagian 1.10.32.</p>\r\n\r\n<p>Bagian standar dari teks Lorem Ipsum yang digunakan sejak tahun 1500an kini di reproduksi kembali di bawah ini untuk mereka yang tertarik. Bagian 1.10.32 dan 1.10.33 dari &quot;de Finibus Bonorum et Malorum&quot; karya Cicero juga di reproduksi persis seperti bentuk aslinya, diikuti oleh versi bahasa Inggris yang berasal dari terjemahan tahun 1914 oleh H. Rackham.</p>\r\n", "location": "Sudah merupakan fakta bahwa seorang pembaca akan terpengaruh", "master": 1}}, {"model": "education.eventstranslation", "pk": 3, "fields": {"language_code": "id", "title": "Dari mana saya bisa mendapatkannya? Dari mana saya bisa mendapatkannya? Dari mana saya bisa mendapatkannya? Dari mana saya bisa mendapatkannya?", "content": "<p>Tidak seperti anggapan banyak orang, Lorem Ipsum bukanlah teks-teks yang diacak. Ia berakar dari sebuah naskah sastra latin klasik dari era 45 sebelum masehi, hingga bisa dipastikan usianya telah mencapai lebih dari 2000 tahun. Richard McClintock, seorang professor Bahasa Latin dari Hampden-Sidney College di Virginia, mencoba mencari makna salah satu kata latin yang dianggap paling tidak jelas, yakni consectetur, yang diambil dari salah satu bagian Lorem Ipsum. Setelah ia mencari maknanya di di literatur klasik, ia mendapatkan sebuah sumber yang tidak bisa diragukan. Lorem Ipsum berasal dari bagian 1.10.32 dan 1.10.33 dari naskah &quot;de Finibus Bonorum et Malorum&quot; (Sisi Ekstrim dari Kebaikan dan Kejahatan) karya Cicero, yang ditulis pada tahun 45 sebelum masehi. BUku ini adalah risalah dari teori etika yang sangat terkenal pada masa Renaissance. Baris pertama dari Lorem Ipsum, &quot;Lorem ipsum dolor sit amet..&quot;, berasal dari sebuah baris di bagian 1.10.32.</p>\r\n\r\n<p>Bagian standar dari teks Lorem Ipsum yang digunakan sejak tahun 1500an kini di reproduksi kembali di bawah ini untuk mereka yang tertarik. Bagian 1.10.32 dan 1.10.33 dari &quot;de Finibus Bonorum et Malorum&quot; karya Cicero juga di reproduksi persis seperti bentuk aslinya, diikuti oleh versi bahasa Inggris yang berasal dari terjemahan tahun 1914 oleh H. Rackham.</p>\r\n", "location": "tersembunyi di tengah naskah tersebut. Semua generator Lorem Ipsum di internet Dari mana saya bisa mendapatkannya?", "master": 2}}, {"model": "education.eventstranslation", "pk": 4, "fields": {"language_code": "en", "title": "Dari mana saya bisa mendapatkannya? Dari mana saya bisa mendapatkannya? Dari mana saya bisa mendapatkannya? Dari mana saya bisa mendapatkannya?", "content": "<p>Tidak seperti anggapan banyak orang, Lorem Ipsum bukanlah teks-teks yang diacak. Ia berakar dari sebuah naskah sastra latin klasik dari era 45 sebelum masehi, hingga bisa dipastikan usianya telah mencapai lebih dari 2000 tahun. Richard McClintock, seorang professor Bahasa Latin dari Hampden-Sidney College di Virginia, mencoba mencari makna salah satu kata latin yang dianggap paling tidak jelas, yakni consectetur, yang diambil dari salah satu bagian Lorem Ipsum. Setelah ia mencari maknanya di di literatur klasik, ia mendapatkan sebuah sumber yang tidak bisa diragukan. Lorem Ipsum berasal dari bagian 1.10.32 dan 1.10.33 dari naskah &quot;de Finibus Bonorum et Malorum&quot; (Sisi Ekstrim dari Kebaikan dan Kejahatan) karya Cicero, yang ditulis pada tahun 45 sebelum masehi. BUku ini adalah risalah dari teori etika yang sangat terkenal pada masa Renaissance. Baris pertama dari Lorem Ipsum, &quot;Lorem ipsum dolor sit amet..&quot;, berasal dari sebuah baris di bagian 1.10.32.</p>\r\n\r\n<p>Bagian standar dari teks Lorem Ipsum yang digunakan sejak tahun 1500an kini di reproduksi kembali di bawah ini untuk mereka yang tertarik. Bagian 1.10.32 dan 1.10.33 dari &quot;de Finibus Bonorum et Malorum&quot; karya Cicero juga di reproduksi persis seperti bentuk aslinya, diikuti oleh versi bahasa Inggris yang berasal dari terjemahan tahun 1914 oleh H. Rackham.</p>\r\n", "location": "tersembunyi di tengah naskah tersebut. Semua generator Lorem Ipsum di internet Dari mana saya bisa mendapatkannya?", "master": 2}}, {"model": "education.eventstranslation", "pk": 5, "fields": {"language_code": "id", "title": "Dari mana saya bisa mendapatkannya? Dari mana saya bisa mendapatkannya?", "content": "<p>Dari mana saya bisa mendapatkannya?&nbsp;Dari mana saya bisa mendapatkannya?&nbsp;</p>\r\n\r\n<p>Tidak seperti anggapan banyak orang, Lorem Ipsum bukanlah teks-teks yang diacak. Ia berakar dari sebuah naskah sastra latin klasik dari era 45 sebelum masehi, hingga bisa dipastikan usianya telah mencapai lebih dari 2000 tahun. Richard McClintock, seorang professor Bahasa Latin dari Hampden-Sidney College di Virginia, mencoba mencari makna salah satu kata latin yang dianggap paling tidak jelas, yakni consectetur, yang diambil dari salah satu bagian Lorem Ipsum. Setelah ia mencari maknanya di di literatur klasik, ia mendapatkan sebuah sumber yang tidak bisa diragukan. Lorem Ipsum berasal dari bagian 1.10.32 dan 1.10.33 dari naskah &quot;de Finibus Bonorum et Malorum&quot; (Sisi Ekstrim dari Kebaikan dan Kejahatan) karya Cicero, yang ditulis pada tahun 45 sebelum masehi. BUku ini adalah risalah dari teori etika yang sangat terkenal pada masa Renaissance. Baris pertama dari Lorem Ipsum, &quot;Lorem ipsum dolor sit amet..&quot;, berasal dari sebuah baris di bagian 1.10.32.</p>\r\n\r\n<p>Bagian standar dari teks Lorem Ipsum yang digunakan sejak tahun 1500an kini di reproduksi kembali di bawah ini untuk mereka yang tertarik. Bagian 1.10.32 dan 1.10.33 dari &quot;de Finibus Bonorum et Malorum&quot; karya Cicero juga di reproduksi persis seperti bentuk aslinya, diikuti oleh versi bahasa Inggris yang berasal dari terjemahan tahun 1914 oleh H. Rackham.</p>\r\n", "location": "Dari mana saya bisa mendapatkannya? Dari mana saya bisa mendapatkannya?", "master": 3}}, {"model": "education.eventstranslation", "pk": 6, "fields": {"language_code": "en", "title": "Dari mana saya bisa mendapatkannya? Dari mana saya bisa mendapatkannya?", "content": "<p>Dari mana saya bisa mendapatkannya?&nbsp;Dari mana saya bisa mendapatkannya?&nbsp;</p>\r\n\r\n<p>Tidak seperti anggapan banyak orang, Lorem Ipsum bukanlah teks-teks yang diacak. Ia berakar dari sebuah naskah sastra latin klasik dari era 45 sebelum masehi, hingga bisa dipastikan usianya telah mencapai lebih dari 2000 tahun. Richard McClintock, seorang professor Bahasa Latin dari Hampden-Sidney College di Virginia, mencoba mencari makna salah satu kata latin yang dianggap paling tidak jelas, yakni consectetur, yang diambil dari salah satu bagian Lorem Ipsum. Setelah ia mencari maknanya di di literatur klasik, ia mendapatkan sebuah sumber yang tidak bisa diragukan. Lorem Ipsum berasal dari bagian 1.10.32 dan 1.10.33 dari naskah &quot;de Finibus Bonorum et Malorum&quot; (Sisi Ekstrim dari Kebaikan dan Kejahatan) karya Cicero, yang ditulis pada tahun 45 sebelum masehi. BUku ini adalah risalah dari teori etika yang sangat terkenal pada masa Renaissance. Baris pertama dari Lorem Ipsum, &quot;Lorem ipsum dolor sit amet..&quot;, berasal dari sebuah baris di bagian 1.10.32.</p>\r\n\r\n<p>Bagian standar dari teks Lorem Ipsum yang digunakan sejak tahun 1500an kini di reproduksi kembali di bawah ini untuk mereka yang tertarik. Bagian 1.10.32 dan 1.10.33 dari &quot;de Finibus Bonorum et Malorum&quot; karya Cicero juga di reproduksi persis seperti bentuk aslinya, diikuti oleh versi bahasa Inggris yang berasal dari terjemahan tahun 1914 oleh H. Rackham.</p>\r\n", "location": "Dari mana saya bisa mendapatkannya? Dari mana saya bisa mendapatkannya?", "master": 3}}, {"model": "education.eventstranslation", "pk": 7, "fields": {"language_code": "id", "title": "Dari mana asalnya?", "content": "<p>Dari mana asalnya?&nbsp;Dari mana asalnya?&nbsp;Dari mana asalnya?&nbsp;Dari mana asalnya?Dari mana asalnya?&nbsp;Dari mana asalnya?&nbsp;Dari mana asalnya?&nbsp;Dari mana asalnya?</p>\r\n", "location": "Dari mana asalnya?", "master": 4}}, {"model": "education.eventstranslation", "pk": 8, "fields": {"language_code": "en", "title": "Dari mana asalnya?", "content": "<p>Dari mana asalnya?&nbsp;Dari mana asalnya?&nbsp;Dari mana asalnya?&nbsp;Dari mana asalnya?Dari mana asalnya?&nbsp;Dari mana asalnya?&nbsp;Dari mana asalnya?&nbsp;Dari mana asalnya?</p>\r\n", "location": "Dari mana asalnya?", "master": 4}}, {"model": "education.events", "pk": 1, "fields": {"uuid": "4122b6c5-559c-426f-9630-244ea4596f19", "created_at": "2022-11-29T14:58:16.098", "updated_at": "2022-11-29T15:00:21.560", "site": 1, "admin": 1, "view_count": 0, "share_count": 0, "slug": "en-apakah-lorem-ipsum-itu-apakah-lorem-ipsum-itu-apakah-lorem-ipsum-itu-apakah-lorem-ipsum-itu-apakah-lorem-ipsum-itu--1", "status": 2, "categories": 1, "word_count": 186, "reading_time": 1, "date": "2022-10-27", "time": "07:00:00", "tags": [1]}}, {"model": "education.events", "pk": 2, "fields": {"uuid": "f89a83d1-cfab-434e-bea2-c0bf8a875aee", "created_at": "2022-11-29T15:01:43.124", "updated_at": "2022-11-29T15:01:43.500", "site": 1, "admin": 1, "view_count": 0, "share_count": 0, "slug": "en-dari-mana-saya-bisa-mendapatkannya-dari-mana-saya-bisa-mendapatkannya-dari-mana-saya-bisa-mendapatkannya-dari-mana-saya-bisa-mendapatkannya--2", "status": 2, "categories": 1, "word_count": 186, "reading_time": 1, "date": "2022-09-22", "time": "07:00:00", "tags": [1]}}, {"model": "education.events", "pk": 3, "fields": {"uuid": "a7939dfb-fa11-4c56-980a-fba13df2ab21", "created_at": "2022-11-29T15:13:07.520", "updated_at": "2022-11-29T15:13:07.802", "site": 1, "admin": 1, "view_count": 0, "share_count": 0, "slug": "en-dari-mana-saya-bisa-mendapatkannya-dari-mana-saya-bisa-mendapatkannya--3", "status": 2, "categories": 1, "word_count": 196, "reading_time": 1, "date": "2022-10-27", "time": "07:00:00", "tags": [1]}}, {"model": "education.events", "pk": 4, "fields": {"uuid": "05232e7d-0b5c-4c48-b921-a322236cf33e", "created_at": "2022-11-29T15:24:17.492", "updated_at": "2022-11-29T15:24:18.296", "site": 1, "admin": 1, "view_count": 0, "share_count": 0, "slug": "en-dari-mana-asalnya--4", "status": 2, "categories": 1, "word_count": 22, "reading_time": 1, "date": "2022-10-27", "time": "07:00:00", "tags": [1]}}, {"model": "education.slideshowtranslation", "pk": 3, "fields": {"language_code": "id", "title": "Why do we use it?", "content": "<p>There are many variations of passages of Lorem Ipsum available, but the majority have suffered alteration in some form, by injected humour, or randomised words which don&#39;t look even slightly believable. If you are going to use a passage of Lorem Ipsum, you need to be sure there isn&#39;t anything embarrassing hidden in the middle of text. All the Lorem Ipsum generators on the Internet tend to repeat predefined chunks as necessary, making this the first true generator on the Internet. It uses a dictionary of over 200 Latin words, combined with a handful of model sentence structures, to generate Lorem Ipsum which looks reasonable. The generated Lorem Ipsum is therefore always free from repetition, injected humour, or non-characteristic words etc.</p>\r\n", "master": 2}}, {"model": "education.slideshowtranslation", "pk": 4, "fields": {"language_code": "en", "title": "Why do we use it?", "content": "<p>There are many variations of passages of Lorem Ipsum available, but the majority have suffered alteration in some form, by injected humour, or randomised words which don&#39;t look even slightly believable. If you are going to use a passage of Lorem Ipsum, you need to be sure there isn&#39;t anything embarrassing hidden in the middle of text. All the Lorem Ipsum generators on the Internet tend to repeat predefined chunks as necessary, making this the first true generator on the Internet. It uses a dictionary of over 200 Latin words, combined with a handful of model sentence structures, to generate Lorem Ipsum which looks reasonable. The generated Lorem Ipsum is therefore always free from repetition, injected humour, or non-characteristic words etc.</p>\r\n", "master": 2}}, {"model": "education.slideshowtranslation", "pk": 5, "fields": {"language_code": "id", "title": "Apakah Lorem Ipsum itu?", "content": "<p>There are many variations of passages of Lorem Ipsum available, but the majority have suffered alteration in some form, by injected humour, or randomised words which don&#39;t look even slightly believable. If you are going to use a passage of Lorem Ipsum, you need to be sure there isn&#39;t anything embarrassing hidden in the middle of text. All the Lorem Ipsum generators on the Internet tend to repeat predefined chunks as necessary, making this the first true generator on the Internet. It uses a dictionary of over 200 Latin words, combined with a handful of model sentence structures, to generate Lorem Ipsum which looks reasonable. The generated Lorem Ipsum is therefore always free from repetition, injected humour, or non-characteristic words etc.</p>\r\n", "master": 3}}, {"model": "education.slideshowtranslation", "pk": 6, "fields": {"language_code": "en", "title": "Apakah Lorem Ipsum itu?", "content": "<p>There are many variations of passages of Lorem Ipsum available, but the majority have suffered alteration in some form, by injected humour, or randomised words which don&#39;t look even slightly believable. If you are going to use a passage of Lorem Ipsum, you need to be sure there isn&#39;t anything embarrassing hidden in the middle of text. All the Lorem Ipsum generators on the Internet tend to repeat predefined chunks as necessary, making this the first true generator on the Internet. It uses a dictionary of over 200 Latin words, combined with a handful of model sentence structures, to generate Lorem Ipsum which looks reasonable. The generated Lorem Ipsum is therefore always free from repetition, injected humour, or non-characteristic words etc.</p>\r\n", "master": 3}}, {"model": "education.slideshow", "pk": 2, "fields": {"uuid": "fbf81162-3266-4250-8c7f-5061ac201115", "created_at": "2022-11-29T11:41:40.799", "updated_at": "2022-11-29T14:20:25.261", "site": 1, "admin": 1, "slug": "en-why-do-we-use-it--2", "status": 2}}, {"model": "education.slideshow", "pk": 3, "fields": {"uuid": "cdfa0645-0df8-4109-96b5-82d0b92bb0e2", "created_at": "2022-11-29T14:20:55.473", "updated_at": "2022-11-29T14:20:55.810", "site": 1, "admin": 1, "slug": "en-apakah-lorem-ipsum-itu--3", "status": 2}}, {"model": "education.dailyalerttranslation", "pk": 1, "fields": {"language_code": "id", "alert": "Apakah Lorem Ipsum itu?", "master": 1}}, {"model": "education.dailyalerttranslation", "pk": 2, "fields": {"language_code": "en", "alert": "Apakah Lorem Ipsum itu?", "master": 1}}, {"model": "education.dailyalerttranslation", "pk": 3, "fields": {"language_code": "id", "alert": "Lorem Ipsum adalah contoh teks atau dummy dalam industri percetakan dan penataan huruf atau typesetting. Lorem Ipsum telah menjadi standar contoh teks sejak tahun 1500an, saat seorang tukang cetak", "master": 2}}, {"model": "education.dailyalerttranslation", "pk": 4, "fields": {"language_code": "en", "alert": "Lorem Ipsum adalah contoh teks atau dummy dalam industri percetakan dan penataan huruf atau typesetting. Lorem Ipsum telah menjadi standar contoh teks sejak tahun 1500an, saat seorang tukang cetak", "master": 2}}, {"model": "education.dailyalert", "pk": 1, "fields": {"uuid": "defd6677-eb6b-4e8c-891e-3806e9e700b3", "created_at": "2022-11-29T14:42:38.546", "updated_at": "2022-11-29T14:42:38.818", "site": 1, "admin": 1, "link": "https://disnaker.lombokbaratkab.go.id/menu/lowongan/", "status": 2}}, {"model": "education.dailyalert", "pk": 2, "fields": {"uuid": "10ced853-4c2b-4955-90ce-02f270941a63", "created_at": "2022-11-29T14:42:53.518", "updated_at": "2022-11-29T14:44:53.068", "site": 1, "admin": 1, "link": "", "status": 2}}, {"model": "education.greetingtranslation", "pk": 1, "fields": {"language_code": "id", "title": "Apakah Lorem Ipsum itu?", "content": "<p>Lorem Ipsum&nbsp;adalah contoh teks atau dummy dalam industri percetakan dan penataan huruf atau typesetting. Lorem Ipsum telah menjadi standar contoh teks sejak tahun 1500an, saat seorang tukang cetak yang tidak dikenal mengambil sebuah kumpulan teks dan mengacaknya untuk menjadi sebuah buku contoh huruf. Ia tidak hanya bertahan selama 5 abad, tapi juga telah beralih ke penataan huruf elektronik, tanpa ada perubahan apapun. Ia mulai dipopulerkan pada tahun 1960 dengan diluncurkannya lembaran-lembaran Letraset yang menggunakan kalimat-kalimat dari Lorem Ipsum, dan seiring munculnya perangkat lunak Desktop Publishing seperti Aldus PageMaker juga memiliki versi Lorem Ipsum.</p>\r\n", "name": "Welcome & Greetings!", "designation": "Prof. Iwan Setiawan", "master": 1}}, {"model": "education.greetingtranslation", "pk": 2, "fields": {"language_code": "en", "title": "Welcome & Greetings!  ah Lorem Ipsum itu? Apakah Lorem Ipsum itu? Apakah Lorem Ipsum itu? ", "content": "<p>Lorem Ipsum&nbsp;adalah contoh teks atau dummy dalam industri percetakan dan penataan huruf atau typesetting. Lorem Ipsum telah menjadi standar contoh teks sejak tahun 1500an, saat seorang tukang cetak yang tidak dikenal mengambil sebuah kumpulan teks dan mengacaknya untuk menjadi sebuah buku contoh huruf. Ia tidak hanya bertahan selama 5 abad, tapi juga telah beralih ke penataan huruf elektronik, tanpa ada perubahan apapun. Ia mulai dipopulerkan pada tahun 1960 dengan diluncurkannya lembaran-lembaran Letraset yang menggunakan kalimat-kalimat dari Lorem Ipsum, dan seiring munculnya perangkat lunak Desktop Publishing seperti Aldus PageMaker juga memiliki versi Lorem Ipsum.</p>\r\n", "name": "Prof. Iwan Setiawan Apakah Lorem Ipsum itu? Lorem Ipsum itu? Lorem Ipsum itu? ", "designation": "Vice Chancellor Lorem Ipsum itu? Lorem Ipsum itu? Lorem Ipsum itu? Lorem Ipsum itu? Lorem Ipsum itu? ", "master": 1}}, {"model": "education.greeting", "pk": 1, "fields": {"uuid": "45b9045b-8a97-44b5-9aa5-996dd83ebaeb", "created_at": "2022-11-29T14:48:39.969", "updated_at": "2022-11-29T14:52:40.418", "site": 1, "admin": 1, "slug": "en-welcome-greetings-ah-lorem-ipsum-itu-apakah-lorem-ipsum-itu-apakah-lorem-ipsum-itu--1", "view_count": 0, "status": 2}}, {"model": "education.photogallerytranslation", "pk": 1, "fields": {"language_code": "id", "title": "Dari mana asalnya? Dari mana asalnya? Dari mana asalnya? Dari mana asalnya?", "master": 1}}, {"model": "education.photogallerytranslation", "pk": 2, "fields": {"language_code": "en", "title": "Dari mana asalnya? Dari mana asalnya? Dari mana asalnya? Dari mana asalnya?", "master": 1}}, {"model": "education.photogallerytranslation", "pk": 3, "fields": {"language_code": "id", "title": "Dari mana asalnya?", "master": 2}}, {"model": "education.photogallerytranslation", "pk": 4, "fields": {"language_code": "en", "title": "Dari mana asalnya?", "master": 2}}, {"model": "education.photogallerytranslation", "pk": 5, "fields": {"language_code": "id", "title": "Dari mana asalnya?", "master": 3}}, {"model": "education.photogallerytranslation", "pk": 6, "fields": {"language_code": "en", "title": "Dari mana asalnya?", "master": 3}}, {"model": "education.photogallerytranslation", "pk": 7, "fields": {"language_code": "id", "title": "Dari mana asalnya?", "master": 4}}, {"model": "education.photogallerytranslation", "pk": 8, "fields": {"language_code": "en", "title": "Dari mana asalnya?", "master": 4}}, {"model": "education.photogallery", "pk": 1, "fields": {"uuid": "d67c5c59-24be-4c0a-8adb-7cd1c5d5f1dd", "created_at": "2022-11-29T15:27:04.870", "updated_at": "2022-11-29T15:29:45.269", "site": 1, "admin": 1, "view_count": 0, "slug": "en-dari-mana-asalnya-dari-mana-asalnya-dari-mana-asalnya-dari-mana-asalnya--1", "status": 2}}, {"model": "education.photogallery", "pk": 2, "fields": {"uuid": "9f12a311-8957-43c1-9622-5f592f3ec358", "created_at": "2022-11-29T15:30:40.949", "updated_at": "2022-11-29T15:30:41.287", "site": 1, "admin": 1, "view_count": 0, "slug": "en-dari-mana-asalnya--2", "status": 2}}, {"model": "education.photogallery", "pk": 3, "fields": {"uuid": "126606ee-73ba-41d0-b495-8967a2dad7c7", "created_at": "2022-11-29T15:34:30.349", "updated_at": "2022-11-29T15:34:30.834", "site": 1, "admin": 1, "view_count": 0, "slug": "en-dari-mana-asalnya--3", "status": 2}}, {"model": "education.photogallery", "pk": 4, "fields": {"uuid": "a9900f1b-68ae-4f7f-bec0-d878767d5712", "created_at": "2022-11-29T15:34:49.814", "updated_at": "2022-11-29T15:34:50.156", "site": 1, "admin": 1, "view_count": 0, "slug": "en-dari-mana-asalnya--4", "status": 2}}, {"model": "education.relatedlinktranslation", "pk": 1, "fields": {"language_code": "id", "name": "Lowongan Pekerjaan", "master": 1}}, {"model": "education.relatedlinktranslation", "pk": 2, "fields": {"language_code": "en", "name": "Lowongan Pekerjaan", "master": 1}}, {"model": "education.relatedlinktranslation", "pk": 3, "fields": {"language_code": "id", "name": "Program Beasiswa Djarum", "master": 2}}, {"model": "education.relatedlinktranslation", "pk": 4, "fields": {"language_code": "en", "name": "Program Beasiswa Djarum", "master": 2}}, {"model": "education.relatedlinktranslation", "pk": 5, "fields": {"language_code": "id", "name": "Program Kerjasama Dengan Primagama", "master": 3}}, {"model": "education.relatedlinktranslation", "pk": 6, "fields": {"language_code": "en", "name": "Program Kerjasama Dengan Primagama", "master": 3}}, {"model": "education.relatedlink", "pk": 1, "fields": {"uuid": "8c2ee67a-8827-4fb7-8cc9-101e5ad372d1", "created_at": "2022-11-30T05:30:53.885", "updated_at": "2022-11-30T05:30:54.240", "site": 1, "link": "https://disnaker.lombokbaratkab.go.id/menu/lowongan/", "status": 2}}, {"model": "education.relatedlink", "pk": 2, "fields": {"uuid": "ca401dbf-049d-4a5f-a965-dc914b4a73ad", "created_at": "2022-11-30T05:31:39.735", "updated_at": "2022-11-30T05:31:39.964", "site": 1, "link": "https://disnaker.lombokbaratkab.go.id/menu/lowongan/", "status": 2}}, {"model": "education.relatedlink", "pk": 3, "fields": {"uuid": "38067d28-e264-4c81-ab45-d5bd1d84c80a", "created_at": "2022-11-30T05:32:02.295", "updated_at": "2022-11-30T05:32:02.540", "site": 1, "link": "https://disnaker.lombokbaratkab.go.id/menu/lowongan/", "status": 2}}, {"model": "education.documenttranslation", "pk": 14, "fields": {"language_code": "id", "name": "Logo SMUN I Mataram", "content": "<p>dd</p>\r\n", "master": 8}}, {"model": "education.documenttranslation", "pk": 15, "fields": {"language_code": "en", "name": "Logo SMUN I Mataram", "content": "<p>dd</p>\r\n", "master": 8}}, {"model": "education.document", "pk": 8, "fields": {"uuid": "b03312a6-8c10-43a1-98af-c0db0c029c20", "created_at": "2022-11-30T10:01:39.507", "updated_at": "2022-11-30T10:09:00.516", "site": 1, "admin": 1, "file_path_doc": "Undangan_Sosialisasi_Wilayah_NTB.pdf", "categories": 1, "word_count": 1, "reading_time": 1, "size": 242636, "hits": 0, "status": 2}}, {"model": "education.banner", "pk": 1, "fields": {"uuid": "c16712e4-b355-4456-8b44-440dcb2750e5", "created_at": "2022-11-29T13:57:03.924", "updated_at": "2022-11-29T13:57:03.924", "site": 1, "admin": 1, "link": "https://disnaker.lombokbaratkab.go.id/menu/lowongan/", "position": 1}}, {"model": "menu.menugrouptranslation", "pk": 1, "fields": {"language_code": "id", "name": "Frontend Site 127.0.0.1:8000", "master": 1}}, {"model": "menu.menugrouptranslation", "pk": 2, "fields": {"language_code": "en", "name": "Frontend Site 127.0.0.1:8000", "master": 1}}, {"model": "menu.menugrouptranslation", "pk": 4, "fields": {"language_code": "id", "name": "Owner Site 127.0.0.1:8000", "master": 3}}, {"model": "menu.menugrouptranslation", "pk": 5, "fields": {"language_code": "en", "name": "Owner Site 127.0.0.1:8000", "master": 3}}, {"model": "menu.menugrouptranslation", "pk": 6, "fields": {"language_code": "en", "name": "Frontend Site localhost:8000", "master": 4}}, {"model": "menu.menugrouptranslation", "pk": 7, "fields": {"language_code": "id", "name": "Frontend Site localhost:8000", "master": 4}}, {"model": "menu.menugroup", "pk": 1, "fields": {"site": 1, "uuid": "374db8f3-644a-4c31-8012-507014d86ce5", "kind": 1, "created_at": "2022-11-22T14:11:08.458", "updated_at": "2022-11-25T09:04:39.713"}}, {"model": "menu.menugroup", "pk": 3, "fields": {"site": 1, "uuid": "efd88e69-de9a-4782-9129-f53724be9cb6", "kind": 2, "created_at": "2022-11-22T14:14:33.062", "updated_at": "2022-11-25T09:04:12.697"}}, {"model": "menu.menugroup", "pk": 4, "fields": {"site": 2, "uuid": "2ad2e1d3-af34-4d3c-b193-00313ffdc0c5", "kind": 1, "created_at": "2022-11-23T21:55:12.351", "updated_at": "2022-11-25T09:04:50.225"}}, {"model": "menu.menutranslation", "pk": 3, "fields": {"language_code": "id", "name": "Dashboard", "master": 2}}, {"model": "menu.menutranslation", "pk": 4, "fields": {"language_code": "id", "name": "Logo", "master": 3}}, {"model": "menu.menutranslation", "pk": 5, "fields": {"language_code": "en", "name": "Logo", "master": 3}}, {"model": "menu.menutranslation", "pk": 6, "fields": {"language_code": "id", "name": "Instansi", "master": 4}}, {"model": "menu.menutranslation", "pk": 7, "fields": {"language_code": "en", "name": "Agency", "master": 4}}, {"model": "menu.menutranslation", "pk": 8, "fields": {"language_code": "en", "name": "Content", "master": 5}}, {"model": "menu.menutranslation", "pk": 9, "fields": {"language_code": "id", "name": "Isi Website", "master": 5}}, {"model": "menu.menutranslation", "pk": 10, "fields": {"language_code": "id", "name": "Galeri", "master": 6}}, {"model": "menu.menutranslation", "pk": 11, "fields": {"language_code": "en", "name": "Gallery", "master": 6}}, {"model": "menu.menutranslation", "pk": 12, "fields": {"language_code": "id", "name": "Kategori", "master": 7}}, {"model": "menu.menutranslation", "pk": 13, "fields": {"language_code": "en", "name": "Categories", "master": 7}}, {"model": "menu.menutranslation", "pk": 14, "fields": {"language_code": "id", "name": "Tags", "master": 8}}, {"model": "menu.menutranslation", "pk": 15, "fields": {"language_code": "en", "name": "Tags", "master": 8}}, {"model": "menu.menutranslation", "pk": 16, "fields": {"language_code": "id", "name": "Media Sosial", "master": 9}}, {"model": "menu.menutranslation", "pk": 17, "fields": {"language_code": "en", "name": "Social Media", "master": 9}}, {"model": "menu.menutranslation", "pk": 18, "fields": {"language_code": "en", "name": "Related Link", "master": 10}}, {"model": "menu.menutranslation", "pk": 19, "fields": {"language_code": "id", "name": "Link Berkaitan", "master": 10}}, {"model": "menu.menutranslation", "pk": 20, "fields": {"language_code": "en", "name": "Announcement", "master": 11}}, {"model": "menu.menutranslation", "pk": 21, "fields": {"language_code": "id", "name": "Pengumuman", "master": 11}}, {"model": "menu.menutranslation", "pk": 22, "fields": {"language_code": "en", "name": "News", "master": 12}}, {"model": "menu.menutranslation", "pk": 23, "fields": {"language_code": "id", "name": "Berita", "master": 12}}, {"model": "menu.menutranslation", "pk": 24, "fields": {"language_code": "en", "name": "Article", "master": 13}}, {"model": "menu.menutranslation", "pk": 25, "fields": {"language_code": "id", "name": "Artikel", "master": 13}}, {"model": "menu.menutranslation", "pk": 26, "fields": {"language_code": "en", "name": "Events", "master": 14}}, {"model": "menu.menutranslation", "pk": 27, "fields": {"language_code": "id", "name": "Kegiatan", "master": 14}}, {"model": "menu.menutranslation", "pk": 28, "fields": {"language_code": "en", "name": "Daily Alert", "master": 15}}, {"model": "menu.menutranslation", "pk": 29, "fields": {"language_code": "id", "name": "Peringatan Harian", "master": 15}}, {"model": "menu.menutranslation", "pk": 30, "fields": {"language_code": "id", "name": "Sambutan", "master": 16}}, {"model": "menu.menutranslation", "pk": 31, "fields": {"language_code": "en", "name": "Greeting", "master": 16}}, {"model": "menu.menutranslation", "pk": 32, "fields": {"language_code": "id", "name": "Halaman", "master": 17}}, {"model": "menu.menutranslation", "pk": 33, "fields": {"language_code": "en", "name": "Pages", "master": 17}}, {"model": "menu.menutranslation", "pk": 34, "fields": {"language_code": "id", "name": "Dokumen", "master": 18}}, {"model": "menu.menutranslation", "pk": 35, "fields": {"language_code": "en", "name": "Document", "master": 18}}, {"model": "menu.menutranslation", "pk": 36, "fields": {"language_code": "id", "name": "Slide Show", "master": 19}}, {"model": "menu.menutranslation", "pk": 37, "fields": {"language_code": "en", "name": "Slide Show", "master": 19}}, {"model": "menu.menutranslation", "pk": 38, "fields": {"language_code": "id", "name": "Galeri Foto", "master": 20}}, {"model": "menu.menutranslation", "pk": 39, "fields": {"language_code": "en", "name": "Photo Gallery", "master": 20}}, {"model": "menu.menutranslation", "pk": 40, "fields": {"language_code": "id", "name": "Galeri Video", "master": 21}}, {"model": "menu.menutranslation", "pk": 41, "fields": {"language_code": "en", "name": "Video Gallery", "master": 21}}, {"model": "menu.menutranslation", "pk": 42, "fields": {"language_code": "id", "name": "Menu", "master": 22}}, {"model": "menu.menutranslation", "pk": 43, "fields": {"language_code": "en", "name": "Menu", "master": 22}}, {"model": "menu.menutranslation", "pk": 45, "fields": {"language_code": "id", "name": "Berkas", "master": 24}}, {"model": "menu.menutranslation", "pk": 46, "fields": {"language_code": "en", "name": "Home en", "master": 24}}, {"model": "menu.menutranslation", "pk": 47, "fields": {"language_code": "id", "name": "Profil", "master": 25}}, {"model": "menu.menutranslation", "pk": 48, "fields": {"language_code": "en", "name": "Profile", "master": 25}}, {"model": "menu.menutranslation", "pk": 49, "fields": {"language_code": "id", "name": "Company", "master": 26}}, {"model": "menu.menutranslation", "pk": 50, "fields": {"language_code": "en", "name": "Company", "master": 26}}, {"model": "menu.menutranslation", "pk": 51, "fields": {"language_code": "id", "name": "Pemilik", "master": 27}}, {"model": "menu.menutranslation", "pk": 52, "fields": {"language_code": "en", "name": "Owner", "master": 27}}, {"model": "menu.menutranslation", "pk": 53, "fields": {"language_code": "id", "name": "sdfsf", "master": 28}}, {"model": "menu.menutranslation", "pk": 54, "fields": {"language_code": "en", "name": "sdfsf", "master": 28}}, {"model": "menu.menutranslation", "pk": 57, "fields": {"language_code": "id", "name": "Banner", "master": 30}}, {"model": "menu.menutranslation", "pk": 58, "fields": {"language_code": "en", "name": "Banner", "master": 30}}, {"model": "menu.menu", "pk": 2, "fields": {"uuid": "43d82442-d4d1-449a-b683-b3e7e73a099c", "parent": null, "link": "/dashboard/", "order_menu": 0, "icon": "fa-tachometer", "kind": 2, "is_visibled": true, "is_external": false, "created_at": "2022-11-22T14:16:38.082", "updated_at": "2022-11-22T14:16:38.082", "menu_group": [3]}}, {"model": "menu.menu", "pk": 3, "fields": {"uuid": "f9c3c31e-0812-4b8d-af2c-0fe7d4ddcc5e", "parent": null, "link": "/dashboard/logo/", "order_menu": 1, "icon": "fa-lightbulb-o", "kind": 2, "is_visibled": true, "is_external": false, "created_at": "2022-11-22T14:19:24.062", "updated_at": "2022-11-22T14:20:02.305", "menu_group": [3]}}, {"model": "menu.menu", "pk": 4, "fields": {"uuid": "736177e3-7b18-4b6e-af0f-544bf617f764", "parent": null, "link": "/dashboard/agency", "order_menu": 2, "icon": "fa-institution", "kind": 2, "is_visibled": true, "is_external": false, "created_at": "2022-11-22T14:24:32.857", "updated_at": "2022-11-22T14:25:14.533", "menu_group": [3]}}, {"model": "menu.menu", "pk": 5, "fields": {"uuid": "9cb87219-fe91-4467-8a0a-fb09e623ed9d", "parent": null, "link": "#", "order_menu": 3, "icon": "fa-codepen", "kind": 2, "is_visibled": true, "is_external": false, "created_at": "2022-11-22T14:29:54.269", "updated_at": "2022-11-22T14:30:19.368", "menu_group": [3]}}, {"model": "menu.menu", "pk": 6, "fields": {"uuid": "e642e252-9c33-41a9-bbed-4a14c12479db", "parent": null, "link": "#", "order_menu": 4, "icon": "fa-camera", "kind": 2, "is_visibled": true, "is_external": false, "created_at": "2022-11-22T14:33:16.675", "updated_at": "2022-11-22T14:33:24.765", "menu_group": [3]}}, {"model": "menu.menu", "pk": 7, "fields": {"uuid": "75c54343-73e9-42b3-ba15-b91512fe4223", "parent": null, "link": "/dashboard/categories", "order_menu": 5, "icon": "fa-thumb-tack", "kind": 2, "is_visibled": true, "is_external": false, "created_at": "2022-11-22T14:36:06.393", "updated_at": "2022-11-22T14:37:05.260", "menu_group": [3]}}, {"model": "menu.menu", "pk": 8, "fields": {"uuid": "f4971b8f-1897-4737-94af-4bc27489bd40", "parent": null, "link": "/dashboard/tags", "order_menu": 6, "icon": "fa-tags", "kind": 2, "is_visibled": true, "is_external": false, "created_at": "2022-11-22T14:40:04.872", "updated_at": "2022-11-22T14:40:28.715", "menu_group": [3]}}, {"model": "menu.menu", "pk": 9, "fields": {"uuid": "2b223755-6b90-4854-ad85-8dacdee38a90", "parent": null, "link": "/dashboard/socialmedia/", "order_menu": 7, "icon": "fa-share-alt", "kind": 2, "is_visibled": true, "is_external": false, "created_at": "2022-11-22T14:42:41.434", "updated_at": "2022-11-22T14:43:19.263", "menu_group": [3]}}, {"model": "menu.menu", "pk": 10, "fields": {"uuid": "1db285cb-74f7-4756-a955-1dbabff99c15", "parent": null, "link": "/dashboard/relatedlink", "order_menu": 8, "icon": "fa-link", "kind": 2, "is_visibled": true, "is_external": false, "created_at": "2022-11-22T14:44:31.685", "updated_at": "2022-11-22T14:45:00.870", "menu_group": [3]}}, {"model": "menu.menu", "pk": 11, "fields": {"uuid": "e8dd0c70-d8c4-423b-b3b9-80b43ae2f4d3", "parent": 5, "link": "/dashboard/announcement/", "order_menu": 0, "icon": "fa-bullhorn", "kind": 2, "is_visibled": true, "is_external": false, "created_at": "2022-11-22T15:00:25.353", "updated_at": "2022-11-22T15:01:06.419", "menu_group": [3]}}, {"model": "menu.menu", "pk": 12, "fields": {"uuid": "6171f2ee-7b7f-4415-a3c5-460de29c2675", "parent": 5, "link": "/dashboard/news", "order_menu": 1, "icon": "fa-comments", "kind": 2, "is_visibled": true, "is_external": false, "created_at": "2022-11-22T15:14:25.397", "updated_at": "2022-11-22T15:14:51.700", "menu_group": [3]}}, {"model": "menu.menu", "pk": 13, "fields": {"uuid": "80e62128-20bb-4e80-bab1-11c43ce8d5b1", "parent": 5, "link": "/dashboard/article/", "order_menu": 2, "icon": "fa-leaf", "kind": 2, "is_visibled": true, "is_external": false, "created_at": "2022-11-22T15:16:26.645", "updated_at": "2022-11-22T15:16:37.005", "menu_group": [3]}}, {"model": "menu.menu", "pk": 14, "fields": {"uuid": "658c15ec-082a-4b1b-98ed-9abf979fb8d3", "parent": 5, "link": "/dashboard/events", "order_menu": 3, "icon": "fa-calendar", "kind": 2, "is_visibled": true, "is_external": false, "created_at": "2022-11-22T15:20:05.114", "updated_at": "2022-11-22T15:20:15.751", "menu_group": [3]}}, {"model": "menu.menu", "pk": 15, "fields": {"uuid": "3c7fff89-cad0-401a-be82-08d5898e63fb", "parent": 5, "link": "/dashboard/dailyalert/", "order_menu": 4, "icon": "fa-fire", "kind": 2, "is_visibled": true, "is_external": false, "created_at": "2022-11-22T15:23:43.177", "updated_at": "2022-11-22T15:24:32.319", "menu_group": [3]}}, {"model": "menu.menu", "pk": 16, "fields": {"uuid": "9b0cf094-a511-475c-8f34-84964d3ba0e1", "parent": 5, "link": "/dashboard/greeting", "order_menu": 5, "icon": "fa-bell", "kind": 2, "is_visibled": true, "is_external": false, "created_at": "2022-11-22T15:27:12.577", "updated_at": "2022-11-22T15:27:22.780", "menu_group": [3]}}, {"model": "menu.menu", "pk": 17, "fields": {"uuid": "0e306132-46f6-42bf-9fb6-73134023f43b", "parent": 5, "link": "/dashboard/pages/", "order_menu": 6, "icon": "fa-pagelines", "kind": 2, "is_visibled": true, "is_external": false, "created_at": "2022-11-22T15:29:51.850", "updated_at": "2022-11-22T15:30:03.580", "menu_group": [3]}}, {"model": "menu.menu", "pk": 18, "fields": {"uuid": "4d32a526-f097-4122-a417-87c184fa0b38", "parent": 5, "link": "/dashboard/document/", "order_menu": 7, "icon": "fa-paperclip", "kind": 2, "is_visibled": true, "is_external": false, "created_at": "2022-11-22T15:31:05.453", "updated_at": "2022-11-22T15:31:18.614", "menu_group": [3]}}, {"model": "menu.menu", "pk": 19, "fields": {"uuid": "7782294d-0cf4-40db-8b6b-a742fab8efb3", "parent": 6, "link": "/dashboard/slideshow/", "order_menu": 0, "icon": "fa-file-image-o", "kind": 2, "is_visibled": true, "is_external": false, "created_at": "2022-11-22T15:33:23.305", "updated_at": "2022-11-22T15:33:33.064", "menu_group": [3]}}, {"model": "menu.menu", "pk": 20, "fields": {"uuid": "eb95a7d2-dfc3-4dec-9de1-bc39fb35f908", "parent": 6, "link": "/dashboard/photogallery", "order_menu": 1, "icon": "fa-camera-retro", "kind": 2, "is_visibled": true, "is_external": false, "created_at": "2022-11-22T15:35:03.771", "updated_at": "2022-11-22T15:35:12.774", "menu_group": [3]}}, {"model": "menu.menu", "pk": 21, "fields": {"uuid": "3b5b8719-95b4-4d01-86a6-e86d1afde1c1", "parent": 6, "link": "/dashboard/videogallery/", "order_menu": 2, "icon": "fa-video-camera", "kind": 1, "is_visibled": true, "is_external": false, "created_at": "2022-11-22T15:35:58.501", "updated_at": "2022-11-22T15:36:10.583", "menu_group": [3]}}, {"model": "menu.menu", "pk": 22, "fields": {"uuid": "487fe617-aa0d-47df-a833-fd9878581f31", "parent": null, "link": "/dashboard/menu/", "order_menu": 10, "icon": "fa-tasks", "kind": 2, "is_visibled": true, "is_external": false, "created_at": "2022-11-23T17:43:14.915", "updated_at": "2022-11-29T13:48:40.915", "menu_group": [3]}}, {"model": "menu.menu", "pk": 24, "fields": {"uuid": "c67fb93f-e0e2-40bd-b509-9eff2582b373", "parent": null, "link": "/", "order_menu": 0, "icon": "fa-home", "kind": 1, "is_visibled": true, "is_external": false, "created_at": "2022-11-23T20:34:31.168", "updated_at": "2022-11-23T21:33:29.939", "menu_group": [1]}}, {"model": "menu.menu", "pk": 25, "fields": {"uuid": "17b9b048-38bf-4aaf-b612-60794c6ccd8a", "parent": null, "link": "/dashboard/logo", "order_menu": 0, "icon": "fa-pagelines", "kind": 1, "is_visibled": true, "is_external": false, "created_at": "2022-11-23T21:47:46.232", "updated_at": "2022-11-23T21:48:01.176", "menu_group": [1]}}, {"model": "menu.menu", "pk": 26, "fields": {"uuid": "4601c29e-2e04-4b8c-8169-d50e9b52ca91", "parent": 25, "link": "/", "order_menu": 0, "icon": "fa-bullhorn", "kind": 1, "is_visibled": true, "is_external": false, "created_at": "2022-11-23T21:51:00.590", "updated_at": "2022-11-23T21:51:00.758", "menu_group": [1]}}, {"model": "menu.menu", "pk": 27, "fields": {"uuid": "6c92f1e0-0242-4f17-bc83-3d4076e1c8fa", "parent": null, "link": null, "order_menu": 0, "icon": null, "kind": 1, "is_visibled": true, "is_external": false, "created_at": "2022-11-23T21:56:39.480", "updated_at": "2022-11-23T22:07:36.179", "menu_group": [4]}}, {"model": "menu.menu", "pk": 28, "fields": {"uuid": "e82729bd-7389-4ca8-91db-29de549bf1a2", "parent": null, "link": "#", "order_menu": 0, "icon": null, "kind": 1, "is_visibled": true, "is_external": false, "created_at": "2022-11-25T13:05:31.856", "updated_at": "2022-11-25T13:05:32.282", "menu_group": [3]}}, {"model": "menu.menu", "pk": 30, "fields": {"uuid": "91c5d068-8d6a-459b-ac6c-aa8962f57d8d", "parent": null, "link": "/dashboard/banner", "order_menu": 9, "icon": "fa-th-large", "kind": 2, "is_visibled": true, "is_external": false, "created_at": "2022-11-29T13:49:04.586", "updated_at": "2022-11-29T13:53:35.739", "menu_group": [3]}}]
