[{"model": "menu.menugrouptranslation", "pk": 1, "fields": {"language_code": "id", "name": "Frontend Site 127.0.0.1:8000", "master": 1}}, {"model": "menu.menugrouptranslation", "pk": 2, "fields": {"language_code": "en", "name": "Frontend Site 127.0.0.1:8000", "master": 1}}, {"model": "menu.menugrouptranslation", "pk": 4, "fields": {"language_code": "id", "name": "Owner Site 127.0.0.1:8000", "master": 3}}, {"model": "menu.menugrouptranslation", "pk": 5, "fields": {"language_code": "en", "name": "Owner Site 127.0.0.1:8000", "master": 3}}, {"model": "menu.menugrouptranslation", "pk": 6, "fields": {"language_code": "en", "name": "Frontend Site localhost:8000", "master": 4}}, {"model": "menu.menugrouptranslation", "pk": 7, "fields": {"language_code": "id", "name": "Frontend Site localhost:8000", "master": 4}}, {"model": "menu.menugroup", "pk": 1, "fields": {"site": 1, "uuid": "374db8f3-644a-4c31-8012-507014d86ce5", "kind": 1, "created_at": "2022-11-22T14:11:08.458", "updated_at": "2022-11-25T09:04:39.713"}}, {"model": "menu.menugroup", "pk": 3, "fields": {"site": 1, "uuid": "efd88e69-de9a-4782-9129-f53724be9cb6", "kind": 2, "created_at": "2022-11-22T14:14:33.062", "updated_at": "2022-11-25T09:04:12.697"}}, {"model": "menu.menugroup", "pk": 4, "fields": {"site": 2, "uuid": "2ad2e1d3-af34-4d3c-b193-00313ffdc0c5", "kind": 1, "created_at": "2022-11-23T21:55:12.351", "updated_at": "2022-11-25T09:04:50.225"}}, {"model": "menu.menutranslation", "pk": 3, "fields": {"language_code": "id", "name": "Dashboard", "master": 2}}, {"model": "menu.menutranslation", "pk": 4, "fields": {"language_code": "id", "name": "Logo", "master": 3}}, {"model": "menu.menutranslation", "pk": 5, "fields": {"language_code": "en", "name": "Logo", "master": 3}}, {"model": "menu.menutranslation", "pk": 6, "fields": {"language_code": "id", "name": "Instansi", "master": 4}}, {"model": "menu.menutranslation", "pk": 7, "fields": {"language_code": "en", "name": "Agency", "master": 4}}, {"model": "menu.menutranslation", "pk": 8, "fields": {"language_code": "en", "name": "Content", "master": 5}}, {"model": "menu.menutranslation", "pk": 9, "fields": {"language_code": "id", "name": "Isi Website", "master": 5}}, {"model": "menu.menutranslation", "pk": 10, "fields": {"language_code": "id", "name": "Galeri", "master": 6}}, {"model": "menu.menutranslation", "pk": 11, "fields": {"language_code": "en", "name": "Gallery", "master": 6}}, {"model": "menu.menutranslation", "pk": 12, "fields": {"language_code": "id", "name": "Kategori", "master": 7}}, {"model": "menu.menutranslation", "pk": 13, "fields": {"language_code": "en", "name": "Categories", "master": 7}}, {"model": "menu.menutranslation", "pk": 14, "fields": {"language_code": "id", "name": "Tags", "master": 8}}, {"model": "menu.menutranslation", "pk": 15, "fields": {"language_code": "en", "name": "Tags", "master": 8}}, {"model": "menu.menutranslation", "pk": 16, "fields": {"language_code": "id", "name": "Media Sosial", "master": 9}}, {"model": "menu.menutranslation", "pk": 17, "fields": {"language_code": "en", "name": "Social Media", "master": 9}}, {"model": "menu.menutranslation", "pk": 18, "fields": {"language_code": "en", "name": "Related Link", "master": 10}}, {"model": "menu.menutranslation", "pk": 19, "fields": {"language_code": "id", "name": "Link Berkaitan", "master": 10}}, {"model": "menu.menutranslation", "pk": 20, "fields": {"language_code": "en", "name": "Announcement", "master": 11}}, {"model": "menu.menutranslation", "pk": 21, "fields": {"language_code": "id", "name": "Pengumuman", "master": 11}}, {"model": "menu.menutranslation", "pk": 22, "fields": {"language_code": "en", "name": "News", "master": 12}}, {"model": "menu.menutranslation", "pk": 23, "fields": {"language_code": "id", "name": "Berita", "master": 12}}, {"model": "menu.menutranslation", "pk": 24, "fields": {"language_code": "en", "name": "Article", "master": 13}}, {"model": "menu.menutranslation", "pk": 25, "fields": {"language_code": "id", "name": "Artikel", "master": 13}}, {"model": "menu.menutranslation", "pk": 26, "fields": {"language_code": "en", "name": "Events", "master": 14}}, {"model": "menu.menutranslation", "pk": 27, "fields": {"language_code": "id", "name": "Kegiatan", "master": 14}}, {"model": "menu.menutranslation", "pk": 28, "fields": {"language_code": "en", "name": "Daily Alert", "master": 15}}, {"model": "menu.menutranslation", "pk": 29, "fields": {"language_code": "id", "name": "Peringatan Harian", "master": 15}}, {"model": "menu.menutranslation", "pk": 30, "fields": {"language_code": "id", "name": "Sambutan", "master": 16}}, {"model": "menu.menutranslation", "pk": 31, "fields": {"language_code": "en", "name": "Greeting", "master": 16}}, {"model": "menu.menutranslation", "pk": 32, "fields": {"language_code": "id", "name": "Halaman", "master": 17}}, {"model": "menu.menutranslation", "pk": 33, "fields": {"language_code": "en", "name": "Pages", "master": 17}}, {"model": "menu.menutranslation", "pk": 34, "fields": {"language_code": "id", "name": "Dokumen", "master": 18}}, {"model": "menu.menutranslation", "pk": 35, "fields": {"language_code": "en", "name": "Document", "master": 18}}, {"model": "menu.menutranslation", "pk": 36, "fields": {"language_code": "id", "name": "Slide Show", "master": 19}}, {"model": "menu.menutranslation", "pk": 37, "fields": {"language_code": "en", "name": "Slide Show", "master": 19}}, {"model": "menu.menutranslation", "pk": 38, "fields": {"language_code": "id", "name": "Galeri Foto", "master": 20}}, {"model": "menu.menutranslation", "pk": 39, "fields": {"language_code": "en", "name": "Photo Gallery", "master": 20}}, {"model": "menu.menutranslation", "pk": 40, "fields": {"language_code": "id", "name": "Galeri Video", "master": 21}}, {"model": "menu.menutranslation", "pk": 41, "fields": {"language_code": "en", "name": "Video Gallery", "master": 21}}, {"model": "menu.menutranslation", "pk": 42, "fields": {"language_code": "id", "name": "Menu", "master": 22}}, {"model": "menu.menutranslation", "pk": 43, "fields": {"language_code": "en", "name": "Menu", "master": 22}}, {"model": "menu.menutranslation", "pk": 45, "fields": {"language_code": "id", "name": "Berkas", "master": 24}}, {"model": "menu.menutranslation", "pk": 46, "fields": {"language_code": "en", "name": "Home en", "master": 24}}, {"model": "menu.menutranslation", "pk": 47, "fields": {"language_code": "id", "name": "Profil", "master": 25}}, {"model": "menu.menutranslation", "pk": 48, "fields": {"language_code": "en", "name": "Profile", "master": 25}}, {"model": "menu.menutranslation", "pk": 49, "fields": {"language_code": "id", "name": "Company", "master": 26}}, {"model": "menu.menutranslation", "pk": 50, "fields": {"language_code": "en", "name": "Company", "master": 26}}, {"model": "menu.menutranslation", "pk": 51, "fields": {"language_code": "id", "name": "Pemilik", "master": 27}}, {"model": "menu.menutranslation", "pk": 52, "fields": {"language_code": "en", "name": "Owner", "master": 27}}, {"model": "menu.menutranslation", "pk": 53, "fields": {"language_code": "id", "name": "sdfsf", "master": 28}}, {"model": "menu.menutranslation", "pk": 54, "fields": {"language_code": "en", "name": "sdfsf", "master": 28}}, {"model": "menu.menutranslation", "pk": 57, "fields": {"language_code": "id", "name": "Banner", "master": 30}}, {"model": "menu.menutranslation", "pk": 58, "fields": {"language_code": "en", "name": "Banner", "master": 30}}, {"model": "menu.menutranslation", "pk": 59, "fields": {"language_code": "id", "name": "Logo SMUN I Mataram", "master": 31}}, {"model": "menu.menutranslation", "pk": 60, "fields": {"language_code": "en", "name": "Logo SMUN I Mataram", "master": 31}}, {"model": "menu.menutranslation", "pk": 61, "fields": {"language_code": "id", "name": "Logo SMUN I Mataram", "master": 32}}, {"model": "menu.menutranslation", "pk": 62, "fields": {"language_code": "en", "name": "Logo SMUN I Mataram 2", "master": 32}}, {"model": "menu.menutranslation", "pk": 67, "fields": {"language_code": "id", "name": "Sub Menu 1", "master": 35}}, {"model": "menu.menutranslation", "pk": 68, "fields": {"language_code": "en", "name": "Sub Menu 1", "master": 35}}, {"model": "menu.menutranslation", "pk": 71, "fields": {"language_code": "id", "name": "Sub Sub Menu 1", "master": 37}}, {"model": "menu.menutranslation", "pk": 72, "fields": {"language_code": "en", "name": "Sub Sub Menu 1", "master": 37}}, {"model": "menu.menutranslation", "pk": 73, "fields": {"language_code": "id", "name": "Sub menu comp", "master": 38}}, {"model": "menu.menutranslation", "pk": 74, "fields": {"language_code": "en", "name": "Sub menu comp", "master": 38}}, {"model": "menu.menutranslation", "pk": 75, "fields": {"language_code": "id", "name": "sub 3x", "master": 39}}, {"model": "menu.menutranslation", "pk": 76, "fields": {"language_code": "en", "name": "sub 3x", "master": 39}}, {"model": "menu.menutranslation", "pk": 77, "fields": {"language_code": "id", "name": "Child of LOGO", "master": 40}}, {"model": "menu.menutranslation", "pk": 78, "fields": {"language_code": "en", "name": "Child of LOGO", "master": 40}}, {"model": "menu.menutranslation", "pk": 79, "fields": {"language_code": "id", "name": "Child 2 of LOGO", "master": 41}}, {"model": "menu.menutranslation", "pk": 80, "fields": {"language_code": "en", "name": "Child 2 of LOGO", "master": 41}}, {"model": "menu.menutranslation", "pk": 81, "fields": {"language_code": "id", "name": "Location", "master": 42}}, {"model": "menu.menu", "pk": 2, "fields": {"uuid": "43d82442-d4d1-449a-b683-b3e7e73a099c", "parent": null, "link": "/dashboard/", "order_menu": 0, "icon": "fa-tachometer", "kind": 2, "is_visibled": true, "is_external": false, "created_at": "2022-11-22T14:16:38.082", "updated_at": "2022-11-22T14:16:38.082", "menu_group": [3]}}, {"model": "menu.menu", "pk": 3, "fields": {"uuid": "f9c3c31e-0812-4b8d-af2c-0fe7d4ddcc5e", "parent": null, "link": "/dashboard/logo/", "order_menu": 1, "icon": "fa-lightbulb-o", "kind": 2, "is_visibled": true, "is_external": false, "created_at": "2022-11-22T14:19:24.062", "updated_at": "2022-11-22T14:20:02.305", "menu_group": [3]}}, {"model": "menu.menu", "pk": 4, "fields": {"uuid": "736177e3-7b18-4b6e-af0f-544bf617f764", "parent": null, "link": "/dashboard/agency", "order_menu": 2, "icon": "fa-institution", "kind": 2, "is_visibled": true, "is_external": false, "created_at": "2022-11-22T14:24:32.857", "updated_at": "2022-11-22T14:25:14.533", "menu_group": [3]}}, {"model": "menu.menu", "pk": 5, "fields": {"uuid": "9cb87219-fe91-4467-8a0a-fb09e623ed9d", "parent": null, "link": "#", "order_menu": 3, "icon": "fa-codepen", "kind": 2, "is_visibled": true, "is_external": false, "created_at": "2022-11-22T14:29:54.269", "updated_at": "2022-11-22T14:30:19.368", "menu_group": [3]}}, {"model": "menu.menu", "pk": 6, "fields": {"uuid": "e642e252-9c33-41a9-bbed-4a14c12479db", "parent": null, "link": "#", "order_menu": 4, "icon": "fa-camera", "kind": 2, "is_visibled": true, "is_external": false, "created_at": "2022-11-22T14:33:16.675", "updated_at": "2022-11-22T14:33:24.765", "menu_group": [3]}}, {"model": "menu.menu", "pk": 7, "fields": {"uuid": "75c54343-73e9-42b3-ba15-b91512fe4223", "parent": null, "link": "/dashboard/categories", "order_menu": 5, "icon": "fa-thumb-tack", "kind": 2, "is_visibled": true, "is_external": false, "created_at": "2022-11-22T14:36:06.393", "updated_at": "2022-11-22T14:37:05.260", "menu_group": [3]}}, {"model": "menu.menu", "pk": 8, "fields": {"uuid": "f4971b8f-1897-4737-94af-4bc27489bd40", "parent": null, "link": "/dashboard/tags", "order_menu": 6, "icon": "fa-tags", "kind": 2, "is_visibled": true, "is_external": false, "created_at": "2022-11-22T14:40:04.872", "updated_at": "2022-11-22T14:40:28.715", "menu_group": [3]}}, {"model": "menu.menu", "pk": 9, "fields": {"uuid": "2b223755-6b90-4854-ad85-8dacdee38a90", "parent": null, "link": "/dashboard/socialmedia/", "order_menu": 7, "icon": "fa-share-alt", "kind": 2, "is_visibled": true, "is_external": false, "created_at": "2022-11-22T14:42:41.434", "updated_at": "2022-11-22T14:43:19.263", "menu_group": [3]}}, {"model": "menu.menu", "pk": 10, "fields": {"uuid": "1db285cb-74f7-4756-a955-1dbabff99c15", "parent": null, "link": "/dashboard/relatedlink", "order_menu": 8, "icon": "fa-link", "kind": 2, "is_visibled": true, "is_external": false, "created_at": "2022-11-22T14:44:31.685", "updated_at": "2022-11-22T14:45:00.870", "menu_group": [3]}}, {"model": "menu.menu", "pk": 11, "fields": {"uuid": "e8dd0c70-d8c4-423b-b3b9-80b43ae2f4d3", "parent": 5, "link": "/dashboard/announcement/", "order_menu": 0, "icon": "fa-bullhorn", "kind": 2, "is_visibled": true, "is_external": false, "created_at": "2022-11-22T15:00:25.353", "updated_at": "2022-11-22T15:01:06.419", "menu_group": [3]}}, {"model": "menu.menu", "pk": 12, "fields": {"uuid": "6171f2ee-7b7f-4415-a3c5-460de29c2675", "parent": 5, "link": "/dashboard/news", "order_menu": 1, "icon": "fa-comments", "kind": 2, "is_visibled": true, "is_external": false, "created_at": "2022-11-22T15:14:25.397", "updated_at": "2022-11-22T15:14:51.700", "menu_group": [3]}}, {"model": "menu.menu", "pk": 13, "fields": {"uuid": "80e62128-20bb-4e80-bab1-11c43ce8d5b1", "parent": 5, "link": "/dashboard/article/", "order_menu": 2, "icon": "fa-leaf", "kind": 2, "is_visibled": true, "is_external": false, "created_at": "2022-11-22T15:16:26.645", "updated_at": "2022-11-22T15:16:37.005", "menu_group": [3]}}, {"model": "menu.menu", "pk": 14, "fields": {"uuid": "658c15ec-082a-4b1b-98ed-9abf979fb8d3", "parent": 5, "link": "/dashboard/events", "order_menu": 3, "icon": "fa-calendar", "kind": 2, "is_visibled": true, "is_external": false, "created_at": "2022-11-22T15:20:05.114", "updated_at": "2022-11-22T15:20:15.751", "menu_group": [3]}}, {"model": "menu.menu", "pk": 15, "fields": {"uuid": "3c7fff89-cad0-401a-be82-08d5898e63fb", "parent": 5, "link": "/dashboard/dailyalert/", "order_menu": 4, "icon": "fa-fire", "kind": 2, "is_visibled": true, "is_external": false, "created_at": "2022-11-22T15:23:43.177", "updated_at": "2022-11-22T15:24:32.319", "menu_group": [3]}}, {"model": "menu.menu", "pk": 16, "fields": {"uuid": "9b0cf094-a511-475c-8f34-84964d3ba0e1", "parent": 5, "link": "/dashboard/greeting", "order_menu": 5, "icon": "fa-bell", "kind": 2, "is_visibled": true, "is_external": false, "created_at": "2022-11-22T15:27:12.577", "updated_at": "2022-11-22T15:27:22.780", "menu_group": [3]}}, {"model": "menu.menu", "pk": 17, "fields": {"uuid": "0e306132-46f6-42bf-9fb6-73134023f43b", "parent": 5, "link": "/dashboard/pages/", "order_menu": 6, "icon": "fa-pagelines", "kind": 2, "is_visibled": true, "is_external": false, "created_at": "2022-11-22T15:29:51.850", "updated_at": "2022-11-22T15:30:03.580", "menu_group": [3]}}, {"model": "menu.menu", "pk": 18, "fields": {"uuid": "4d32a526-f097-4122-a417-87c184fa0b38", "parent": 5, "link": "/dashboard/document/", "order_menu": 7, "icon": "fa-paperclip", "kind": 2, "is_visibled": true, "is_external": false, "created_at": "2022-11-22T15:31:05.453", "updated_at": "2022-11-22T15:31:18.614", "menu_group": [3]}}, {"model": "menu.menu", "pk": 19, "fields": {"uuid": "7782294d-0cf4-40db-8b6b-a742fab8efb3", "parent": 6, "link": "/dashboard/slideshow/", "order_menu": 0, "icon": "fa-file-image-o", "kind": 2, "is_visibled": true, "is_external": false, "created_at": "2022-11-22T15:33:23.305", "updated_at": "2022-11-22T15:33:33.064", "menu_group": [3]}}, {"model": "menu.menu", "pk": 20, "fields": {"uuid": "eb95a7d2-dfc3-4dec-9de1-bc39fb35f908", "parent": 6, "link": "/dashboard/photogallery", "order_menu": 1, "icon": "fa-camera-retro", "kind": 2, "is_visibled": true, "is_external": false, "created_at": "2022-11-22T15:35:03.771", "updated_at": "2022-11-22T15:35:12.774", "menu_group": [3]}}, {"model": "menu.menu", "pk": 21, "fields": {"uuid": "3b5b8719-95b4-4d01-86a6-e86d1afde1c1", "parent": 6, "link": "/dashboard/videogallery/", "order_menu": 2, "icon": "fa-video-camera", "kind": 1, "is_visibled": true, "is_external": false, "created_at": "2022-11-22T15:35:58.501", "updated_at": "2022-11-22T15:36:10.583", "menu_group": [3]}}, {"model": "menu.menu", "pk": 22, "fields": {"uuid": "487fe617-aa0d-47df-a833-fd9878581f31", "parent": null, "link": "/dashboard/menu/", "order_menu": 10, "icon": "fa-tasks", "kind": 2, "is_visibled": true, "is_external": false, "created_at": "2022-11-23T17:43:14.915", "updated_at": "2022-12-03T10:30:55.730", "menu_group": [3]}}, {"model": "menu.menu", "pk": 24, "fields": {"uuid": "c67fb93f-e0e2-40bd-b509-9eff2582b373", "parent": null, "link": "/", "order_menu": 0, "icon": "fa-home", "kind": 1, "is_visibled": true, "is_external": false, "created_at": "2022-11-23T20:34:31.168", "updated_at": "2022-12-03T10:05:48.199", "menu_group": [1]}}, {"model": "menu.menu", "pk": 25, "fields": {"uuid": "17b9b048-38bf-4aaf-b612-60794c6ccd8a", "parent": null, "link": "en-fgfgdf--5", "order_menu": 0, "icon": "fa-pagelines", "kind": 1, "is_visibled": true, "is_external": false, "created_at": "2022-11-23T21:47:46.232", "updated_at": "2022-12-03T07:37:36.205", "menu_group": [1]}}, {"model": "menu.menu", "pk": 26, "fields": {"uuid": "4601c29e-2e04-4b8c-8169-d50e9b52ca91", "parent": 25, "link": "/", "order_menu": 0, "icon": "fa-bullhorn", "kind": 1, "is_visibled": true, "is_external": false, "created_at": "2022-11-23T21:51:00.590", "updated_at": "2022-11-23T21:51:00.758", "menu_group": [1]}}, {"model": "menu.menu", "pk": 27, "fields": {"uuid": "6c92f1e0-0242-4f17-bc83-3d4076e1c8fa", "parent": null, "link": null, "order_menu": 0, "icon": null, "kind": 1, "is_visibled": true, "is_external": false, "created_at": "2022-11-23T21:56:39.480", "updated_at": "2022-11-23T22:07:36.179", "menu_group": [4]}}, {"model": "menu.menu", "pk": 28, "fields": {"uuid": "e82729bd-7389-4ca8-91db-29de549bf1a2", "parent": null, "link": "#", "order_menu": 0, "icon": null, "kind": 1, "is_visibled": true, "is_external": false, "created_at": "2022-11-25T13:05:31.856", "updated_at": "2022-11-25T13:05:32.282", "menu_group": [3]}}, {"model": "menu.menu", "pk": 30, "fields": {"uuid": "91c5d068-8d6a-459b-ac6c-aa8962f57d8d", "parent": null, "link": "/dashboard/banner", "order_menu": 9, "icon": "fa-th-large", "kind": 2, "is_visibled": true, "is_external": false, "created_at": "2022-11-29T13:49:04.586", "updated_at": "2022-11-29T13:53:35.739", "menu_group": [3]}}, {"model": "menu.menu", "pk": 31, "fields": {"uuid": "07348516-d025-416a-a290-b0ae7ec9284b", "parent": null, "link": "/", "order_menu": 0, "icon": null, "kind": 1, "is_visibled": true, "is_external": false, "created_at": "2022-12-03T05:45:36.256", "updated_at": "2022-12-03T05:45:36.617", "menu_group": [1]}}, {"model": "menu.menu", "pk": 32, "fields": {"uuid": "66b27ce0-e42a-403c-880c-05414fd2585c", "parent": null, "link": "/", "order_menu": 0, "icon": null, "kind": 1, "is_visibled": true, "is_external": false, "created_at": "2022-12-03T05:46:08.627", "updated_at": "2022-12-03T05:46:29.072", "menu_group": [4]}}, {"model": "menu.menu", "pk": 35, "fields": {"uuid": "c5c97ef3-adac-4f98-a61b-8bc826a32568", "parent": 32, "link": null, "order_menu": 0, "icon": null, "kind": 1, "is_visibled": true, "is_external": false, "created_at": "2022-12-03T06:05:05.322", "updated_at": "2022-12-03T06:05:05.545", "menu_group": [4]}}, {"model": "menu.menu", "pk": 37, "fields": {"uuid": "0550d1a8-0e56-4b9e-86ee-1c969f008ea5", "parent": 35, "link": null, "order_menu": 0, "icon": null, "kind": 1, "is_visibled": true, "is_external": false, "created_at": "2022-12-03T06:06:28.405", "updated_at": "2022-12-03T06:06:28.614", "menu_group": [4]}}, {"model": "menu.menu", "pk": 38, "fields": {"uuid": "5960cab2-5361-470d-819c-6b6bbec7ca27", "parent": 41, "link": null, "order_menu": 0, "icon": null, "kind": 1, "is_visibled": true, "is_external": false, "created_at": "2022-12-03T06:12:18.539", "updated_at": "2022-12-03T09:23:50.037", "menu_group": [1]}}, {"model": "menu.menu", "pk": 39, "fields": {"uuid": "27504e34-9d87-4e7e-90d1-5875d1c66e1d", "parent": 38, "link": null, "order_menu": 0, "icon": null, "kind": 1, "is_visibled": true, "is_external": false, "created_at": "2022-12-03T06:12:46.582", "updated_at": "2022-12-03T06:12:46.845", "menu_group": [1]}}, {"model": "menu.menu", "pk": 40, "fields": {"uuid": "55e6241c-f535-45fd-8587-209f51c15bde", "parent": 31, "link": "/en/dashboard/pages/en-content-child-of-logo--6", "order_menu": 0, "icon": null, "kind": 1, "is_visibled": true, "is_external": false, "created_at": "2022-12-03T07:41:48.465", "updated_at": "2022-12-03T07:42:44.423", "menu_group": [1]}}, {"model": "menu.menu", "pk": 41, "fields": {"uuid": "4716ee16-9a26-4eef-aed5-2fbb48c09e30", "parent": 31, "link": "/pages/detail/en-child2-of-logo-content--7", "order_menu": 0, "icon": null, "kind": 1, "is_visibled": true, "is_external": false, "created_at": "2022-12-03T07:46:55.400", "updated_at": "2022-12-03T09:35:00.305", "menu_group": [1]}}, {"model": "menu.menu", "pk": 42, "fields": {"uuid": "427e418d-9fab-4fe1-a14c-84ca34be5931", "parent": null, "link": "/dashboard/location/", "order_menu": 11, "icon": "fa-map-marker", "kind": 2, "is_visibled": true, "is_external": false, "created_at": "2022-12-03T10:31:44.603", "updated_at": "2022-12-03T10:31:44.603", "menu_group": [3]}}]